scenario,controller,violating_intervals,violation_pct,mean_rate_last30,min_BHP,min_WHP,min_FLP,BHP_shortfall,WHP_shortfall,total_oil_bbl,total_choke_travel
A,MPC,0,0.0,100.22940106201551,3135.6093638033926,268.16794100474317,186.1491991059615,0.0,0.0,8831.513960375485,18.5
A,PI,0,0.0,100.14632324368391,3135.885446292986,268.1513810949491,186.1254214876671,0.0,0.0,8766.860019827893,54.383058664906464
A,OPERATOR,0,0.0,99.51854801106477,3138.733996693318,268.592007800956,186.49994988977286,0.0,0.0,8752.154645558754,14.899999999999999
B,MPC,0,0.0,150.16763685423422,2919.7728887779754,225.02956937932538,159.6970215353899,0.0,0.0,18676.22203403836,38.5
B,PI,0,0.0,150.1810452960843,2919.253436999393,224.86212532385437,159.94940885845415,0.0,0.0,18574.064152085866,101.93314366898548
B,OPERATOR,0,0.0,150.29211281533324,2919.1879478316496,224.9735258328039,160.1058754279318,0.0,0.0,18617.726395037593,28.1
C,MPC,0,0.0,164.89190230380325,2854.5412952621,206.11862130972753,148.64208668569995,0.0,0.0,21462.76657522717,40.75
C,PI,97,69.28571428571429,199.9386665425555,2704.302325965694,154.15853222121618,115.2599520690062,145.69767403430615,45.84146777878382,24721.10733696171,114.85022208054826
C,OPERATOR,0,0.0,156.09810453349735,2893.979810052421,218.16595213436608,156.173646924789,0.0,0.0,20481.704832889292,23.800000000000004
