backoff_mode,WHP_min,WHP_max,FLP_min,FLP_max,BHP_min,BHP_max,binding_constraint,max_safe_rate,achieved_rate,pct_of_max_safe,violating_intervals,max_abs_move_pct
fixed 5 psi (submitted),218.21770123928727,308.0936014129161,126.63894095744779,200.24791453292795,2912.6540478400543,3386.913336591658,BHP_min,151.72818244223947,150.33971260247466,99.08489654498209,0,5.0
fixed 5 psi (submitted),216.3981465460308,321.88489682951996,146.7449996586169,214.02608635681653,2913.1707108243063,3250.410775025522,BHP_min,151.56939119251,150.170958216913,99.07736452287992,0,5.0
fixed 5 psi (submitted),231.44425659525416,301.0075672591639,154.18621785719776,202.63483430903838,2922.6357844699774,3331.2191830373636,WHP_min,144.39181627322412,139.44097944720266,96.57124832015876,0,5.0
fixed 5 psi (submitted),197.9827134322431,312.68061663592977,126.13278684581852,201.86424914749347,2884.124882938726,3347.0784267361373,BHP_min,158.3043180270987,157.03360630785053,99.19729813116616,0,5.0
fixed 5 psi (submitted),216.92310668887524,311.5103266278565,164.88839743156845,214.71253008164345,2887.108396896139,3347.5688914401726,FLP_min,142.62296992934978,133.79212246968956,93.80825720847442,0,5.0
fixed 5 psi (submitted),221.3068038342564,311.66764271937313,130.40386020089645,210.82232510291124,2855.070864495145,3296.5362813338434,WHP_min,153.3840767291592,148.8039830938156,97.01397059394176,0,5.0
fixed 5 psi (submitted),209.15012152990735,326.68463503047,162.36174063824998,205.36692795063607,2864.305966145952,3298.2804086613914,FLP_min,146.7164423353556,138.3059621444243,94.2675271721031,0,5.0
fixed 5 psi (submitted),215.65800181198182,310.137336765214,140.66476002112645,213.35411528007188,2795.431518706676,3343.478071702906,WHP_min,158.15338729766822,153.75390919870568,97.21822075762306,0,5.000000000000002
fixed 5 psi (submitted),185.0409206149431,324.97932442960195,156.48393229954735,203.59054164489427,2925.296846162141,3258.785205220779,BHP_min,148.84071318864906,147.46407366150137,99.07509209163567,0,5.0
fixed 5 psi (submitted),200.1670236327396,304.5083840068452,143.01357466597148,211.94486405430942,2796.1284417987495,3257.8031951596613,WHP_min,170.09500010257415,166.33784782472097,97.79114478639144,0,5.0
fixed 5 psi (submitted),204.2731103892917,305.9553913352777,128.63012182476487,208.70498578980275,2809.7392265637845,3350.7992316934537,WHP_min,167.04139081433934,163.03630906403916,97.6023417125689,0,5.0
fixed 5 psi (submitted),191.9709266380928,328.26339331519495,139.60440672979314,201.58242919355345,2875.8216303079416,3389.07318296018,BHP_min,160.25017244044162,158.77844895247406,99.08160879607507,0,5.0
fixed 5 psi (submitted),206.42262928294704,328.6377148107221,144.99583254750587,206.37842937273612,2874.0426904030755,3399.2644757852986,BHP_min,160.69496783871273,159.27779970596734,99.11810049075851,0,5.0
fixed 5 psi (submitted),236.9366204962659,313.8013541792729,155.30915381233166,207.46134043231427,2855.862432039354,3367.867855107071,WHP_min,139.19306394108094,133.75611184253995,96.09394897662258,0,5.0
fixed 5 psi (submitted),204.87935096134024,322.0345071536619,153.44571511959,213.98089529920068,2772.986526656181,3359.3522675614463,FLP_min,159.87829926646697,152.53367538304948,95.4061158286552,0,5.0
fixed 5 psi (submitted),235.6454357174736,329.03778569773937,125.58825219861477,212.95460135368364,2946.239008013269,3393.5815269416444,WHP_min,140.40261372659612,135.27197825978558,96.34576926267104,0,5.0
fixed 5 psi (submitted),188.92584073394988,329.17886441468863,160.59742222882082,212.33560741314605,2845.9975847615665,3284.8559379458957,FLP_min,149.48774577126866,141.27555848470993,94.50644784012985,0,5.0000000000000036
fixed 5 psi (submitted),228.11283472309847,327.7059047935041,135.6452108916917,208.0840161143328,2838.550565794906,3389.6525973971734,WHP_min,147.45548713069502,142.65946340390192,96.74747693685877,0,5.0
fixed 5 psi (submitted),182.4306426713061,321.96018586969683,149.57492987795987,200.4254804767028,2893.843954565348,3252.398759428536,BHP_min,156.09811540620024,154.60749004320934,99.04507151856896,0,5.0000000000000036
fixed 5 psi (submitted),225.4770601413857,315.38276169786235,162.16416883188026,200.99123745086112,2918.2634559224766,3260.003501315065,FLP_min,147.04539452486102,138.52331021236628,94.20445343423938,0,5.0
fixed 5 psi (submitted),200.6585987282475,312.908961958435,163.6424832313628,208.43347763342686,2801.772918634186,3286.2513571141517,FLP_min,144.7262667336088,135.85428381222383,93.86981843612725,0,5.0
fixed 5 psi (submitted),233.2870992395508,306.7760828525197,129.98218823341134,204.32496135511366,2867.2246129625464,3333.11357532599,WHP_min,142.70769640002607,137.7104284253824,96.4982491479396,0,5.0
fixed 5 psi (submitted),228.58264655476665,316.8142785601856,136.5368485772484,206.19344514021338,2913.624194194182,3343.975969362963,WHP_min,147.04539452486102,142.17283243505852,96.68635518606555,0,5.0
fixed 5 psi (submitted),237.54465856184652,311.0821323327504,147.1044604208515,208.90886302419753,2919.658241655012,3271.8210307279796,WHP_min,138.5846116838329,133.2648625915845,96.16137100099911,0,5.0
fixed 5 psi (submitted),204.3906202048876,327.2987688498689,126.72267554272817,212.34059420272254,2833.076807474245,3374.4705977917156,WHP_min,166.97108799998998,162.96752387289487,97.60224109751543,0,5.000000000000007
fixed 5 psi (submitted),180.59727364843752,310.9513847327481,128.14520148662558,209.78921864504957,2804.7698197199115,3355.397810598968,BHP_min,176.6944719689433,175.47452498799976,99.30957263838,0,5.000000000000002
fixed 5 psi (submitted),236.62808561652545,303.80451306783743,159.59113181603095,200.89196227400507,2826.1541016621777,3314.4661091767866,WHP_min,139.45307835273132,134.30817340947902,96.31065516514535,0,5.0
fixed 5 psi (submitted),209.33097281000786,329.29386965808135,156.02764752407313,204.6328604407889,2803.96735710016,3379.4680306283976,FLP_min,156.2514956651911,148.6067779013213,95.10742746408611,0,5.0
fixed 5 psi (submitted),232.8784303642614,315.32119516630934,138.771829238493,214.92376022241376,2813.18870907354,3277.4068568389844,WHP_min,143.04610585590459,138.07912532282833,96.52770657169818,0,5.0000000000000036
fixed 5 psi (submitted),232.8058872782442,324.37006194333765,151.71557622285405,214.37620447666927,2935.142915442884,3362.237275495263,WHP_min,143.13058417921982,138.2857131978349,96.61506937237226,0,5.0
fixed 5 psi (submitted),231.64208457286065,307.41440220966325,130.64986227604126,210.05092773972405,2892.9237073309505,3275.0579393173407,WHP_min,144.22429490645462,139.44186117448416,96.68403042977441,0,5.0000000000000036
fixed 5 psi (submitted),203.73343638629257,327.30767298648163,147.45603070200892,208.6750387238941,2788.825954578159,3328.9033372926815,WHP_min,167.46235532939295,161.1755160676924,96.24581939664318,0,5.0
fixed 5 psi (submitted),211.40608364369518,302.66806920738816,164.27770772506824,208.5709340068366,2751.281776532862,3365.8973801838083,FLP_min,143.6364132298381,134.68306864764514,93.76666098737347,0,5.0
fixed 5 psi (submitted),238.69594283040874,317.6961008496285,137.7872654513066,202.81261573591678,2884.5053267833737,3279.266109768521,WHP_min,137.44811665201897,132.09178504704803,96.10301564296316,0,5.0
fixed 5 psi (submitted),214.66127355107156,318.06717529138876,163.49692372497523,201.08397898294814,2849.9945647317236,3361.6146218923973,FLP_min,144.8931960805803,136.4743961182493,94.18965128103805,0,5.0
fixed 5 psi (submitted),190.63360442847954,311.64200195353556,127.51581993819886,210.88821295663666,2767.5535773518973,3309.263756253695,WHP_min,176.9536082112305,173.30093966433853,97.93580442703843,0,5.0
fixed 5 psi (submitted),232.41135786724394,314.16901010250035,161.5048773456354,211.4887567660831,2933.0647920223532,3269.110451357336,WHP_min,143.46800171756485,138.64736152150962,96.63991960692024,0,5.0
fixed 5 psi (submitted),184.41377431983793,302.10978760707656,159.75417177389278,209.51104969021165,2849.3143387597706,3274.531512429472,FLP_min,150.7725816688186,142.69518519396448,94.64266222316428,0,5.0
fixed 5 psi (submitted),220.42400626363641,309.5405216353739,153.4351945306378,206.90532993300988,2851.4939721089054,3368.4498598689806,WHP_min,154.16531913574585,149.70635821164734,97.10767574114884,0,5.0
fixed 5 psi (submitted),185.56472853140284,317.36275509970505,132.88939789183473,212.12205127720352,2847.769207225852,3398.304300005173,BHP_min,166.7599352788174,165.29749979011697,99.12302946972527,0,5.0
fixed 5 psi (submitted),190.97659948054311,328.890574203728,157.03668146434435,207.21890744862904,2912.706812835927,3340.4273357861675,BHP_min,151.72818244223947,146.95416086610734,96.85356965377903,0,5.0
fixed 5 psi (submitted),219.3072638394828,327.41072288122166,127.61081665645166,212.52482305937602,2826.362955993248,3298.8318424151057,WHP_min,155.0966653372164,150.722009445237,97.17940041943012,0,5.0
fixed 5 psi (submitted),239.64160627259906,323.43571506229137,144.4214055511835,206.3394259463717,2925.505781174359,3263.022230832234,WHP_min,136.47984990104092,131.07242488930785,96.03793159528392,0,5.0
fixed 5 psi (submitted),222.50512541483195,323.6746387111544,156.9678551886446,204.83430087109747,2909.327836549211,3283.79926628135,WHP_min,152.3614522642547,147.0987681998404,96.54592156598329,0,5.0
fixed 5 psi (submitted),201.73847702907415,312.5234433661314,146.65639934520658,201.68920498310837,2831.3895601278614,3250.0451035160386,FLP_min,168.7165487669805,162.15475166783042,96.110756682077,0,5.0000000000000036
fixed 5 psi (submitted),224.66284358084394,325.5562773670277,130.5572671648079,210.55678653900196,2914.2206176789277,3397.274248430769,WHP_min,150.532608989443,145.8294270271996,96.8756391098136,0,5.0
fixed 5 psi (submitted),230.6274337421236,312.72319456332036,164.18754834038626,214.60976607278533,2850.735395840116,3363.016980787586,FLP_min,143.80462672379207,135.0476855686544,93.91052892063253,0,5.000000000000002
fixed 5 psi (submitted),234.83026006038978,314.2844121590626,159.5514496438834,210.5235284909281,2808.7848511949114,3365.147840497521,WHP_min,141.17501077567357,136.09400546944892,96.40091735902301,0,5.000000000000002
fixed 5 psi (submitted),214.24108715156996,302.8153546029992,140.65521705218657,201.10611520096708,2845.233392643399,3314.2809412214388,WHP_min,159.28100234620945,155.03808438340232,97.33620588751394,0,5.0
fixed 5 psi (submitted),205.42424657822684,317.58901060772354,129.90762640704293,214.00653364935263,2886.8100896150067,3373.5672037589156,BHP_min,157.69951502984446,156.19335044416098,99.04491489057628,0,5.0
fixed 5 psi (submitted),233.80807393582558,317.4996014077043,126.60872883618403,210.67230236176636,2863.805170852672,3373.89358332556,WHP_min,142.1985922963328,137.19152729947896,96.47882238776356,0,5.0000000000000036
fixed 5 psi (submitted),211.92962840846064,324.3973228609258,164.88041172289968,205.2583221705183,2784.204288004135,3308.7512199180856,FLP_min,142.62296992934978,133.53743420106167,93.62968269922527,0,5.0
fixed 5 psi (submitted),225.1829993919406,313.1768679557492,148.53520437716858,201.91037707882506,2895.224702186796,3292.012360279975,WHP_min,150.05137187484237,145.41089629483255,96.90740876139377,0,5.0000000000000036
fixed 5 psi (submitted),191.4370536242411,325.8884999574958,147.57651284482375,207.26748413519377,2929.764753049697,3262.9018654091506,BHP_min,147.78268470343426,146.3915367054875,99.05865291272895,0,5.0
fixed 5 psi (submitted),221.76926702045355,309.83946869293806,132.01638999940323,210.1219797495092,2822.564390172587,3299.4843748740905,WHP_min,152.99170014267622,148.4510172537652,97.03207240348561,0,5.0
fixed 5 psi (submitted),236.62066591375128,305.9789502203846,145.4869463135094,200.36019801007023,2782.673618227391,3382.5128100450343,WHP_min,139.45307835273132,134.33183703105001,96.32762404231215,0,5.0000000000000036
fixed 5 psi (submitted),227.35485289516058,316.70506470161973,133.8981358396544,208.3662137393196,2752.4293052227226,3356.949044640688,WHP_min,148.10910460616736,143.38128185504476,96.8078783787842,0,5.0
fixed 5 psi (submitted),223.0050408338237,319.38135070699064,149.45354737100806,201.10574648936807,2799.281193810195,3336.15670721469,WHP_min,151.9660136383162,147.46968729215158,97.04122899685582,0,5.0
fixed 5 psi (submitted),203.65120596173387,329.76069685744335,161.94981429500726,202.28011853783806,2867.9921185299063,3354.4322659155187,FLP_min,147.37356606863167,139.1010920968455,94.38673149299129,0,5.0
fixed 5 psi (submitted),188.19260485805316,309.3778694130351,153.63671387701976,213.51662140134255,2818.348530041227,3285.841556753692,FLP_min,159.58000543959602,152.41723126633818,95.51148393965366,0,5.0
fixed 5 psi (submitted),229.30752016381288,317.54948040677033,144.0635368682308,203.8422503214184,2764.5316697296644,3252.6837131345465,WHP_min,146.38670822875943,141.51429551905863,96.67154704914421,0,5.0
fixed 5 psi (submitted),214.7982108338457,305.73330820380227,164.02131913707282,201.61215842579222,2840.4177576654215,3309.198969560644,FLP_min,144.0565759384031,135.38898633809268,93.98320448487087,0,5.0
fixed 5 psi (submitted),193.93868851713185,322.46267175011803,150.74819048321243,210.88636527577805,2766.561715179299,3302.9115123544607,FLP_min,163.47568392564924,156.40379295907798,95.67404105812602,0,5.0
fixed 5 psi (submitted),211.1899844600539,312.8016343119072,126.62470247490981,202.9104118235119,2939.0049296609254,3274.3854587129977,BHP_min,145.6419412398605,144.28200869122574,99.06624936672942,0,5.0
fixed 5 psi (submitted),231.1231399477665,324.6641147719332,140.65175028312433,207.00175279766395,2914.800361529984,3352.102948835532,WHP_min,144.7262667336088,139.7481905435488,96.56035058292291,0,5.000000000000002
fixed 5 psi (submitted),230.21662418574425,322.7278975749637,152.65085917762417,213.69461159010316,2914.5614266189177,3276.859403137449,WHP_min,145.55894402469266,140.67467755319726,96.64447519578952,0,5.0
fixed 5 psi (submitted),224.89345650487468,302.6004396934363,142.03424961176086,205.95127830730138,2790.433618795097,3390.6857662953985,WHP_min,150.2922059479817,145.65588476701416,96.91512866437516,0,5.0
fixed 5 psi (submitted),185.68660070167002,300.1469824496573,137.91683214655913,214.86117077361834,2802.939025677688,3374.6041398276598,BHP_min,177.08296555207758,173.09621976453843,97.74865652655524,0,5.0
fixed 5 psi (submitted),190.38681822122794,317.59135064395133,163.33637340717567,210.7476985184871,2946.1015950356973,3336.183497363356,BHP_min,143.97264231708976,136.80156617145545,95.01913972667077,0,5.0
fixed 5 psi (submitted),239.00008239320528,325.11141095160013,156.12992904407713,213.3273483036725,2876.298303452323,3303.4546819564857,WHP_min,137.09672164654324,131.74768095138182,96.09834529161677,0,5.0
fixed 5 psi (submitted),211.6969464034196,306.7950118704709,156.1017649552682,202.551177524223,2865.439589797318,3330.384839436867,FLP_min,156.17482842994536,148.54206131038453,95.11267776229084,0,5.0
fixed 5 psi (submitted),220.31416820866144,322.8145979599575,129.39311544255636,209.37411442501974,2832.7911764930386,3342.130215350193,WHP_min,154.24318675968084,149.85419273240478,97.1544973107212,0,5.0
fixed 5 psi (submitted),221.6390725887897,317.56438757281865,154.3154430743486,207.8003788580697,2842.5735618258545,3293.0153298172804,WHP_min,153.14879157619242,148.62380987996218,97.04536898420184,0,5.0
fixed 5 psi (submitted),193.7491001998024,320.85906318275454,152.82845411249832,202.93223769464893,2944.3674833222226,3350.6726170434094,BHP_min,144.39181627322412,143.14254364906702,99.13480371921275,0,5.0
fixed 5 psi (submitted),211.87296739258957,325.235260546349,144.4608173321262,207.1391730515049,2801.6548800155074,3273.420322208604,WHP_min,161.1381857842584,156.99288531263255,97.42748718967468,0,5.0000000000000036
fixed 5 psi (submitted),222.69723473285504,325.3233290471713,152.11195112383837,205.53232275043925,2865.1444182438104,3334.5118710510983,WHP_min,152.20341865812932,147.71948359780578,97.05398531790202,0,5.0
fixed 5 psi (submitted),236.19396500845764,311.63022635867065,131.59130608264013,213.15399339993516,2928.945699377374,3257.239839250284,WHP_min,139.88543520957128,134.69690205513183,96.2908696343789,0,5.0000000000000036
fixed 5 psi (submitted),191.89344185036893,319.0885096079838,156.55380622539352,209.10038760110825,2788.3178392253117,3267.64623628933,FLP_min,155.48275912559785,147.76163509153514,95.03409633487038,0,5.0
fixed 5 psi (submitted),210.358358043911,324.4653121997703,133.68268724288504,201.12699042309174,2860.208999158661,3278.772572220288,WHP_min,162.38546903529712,158.15788220541833,97.39657319402154,0,5.0
fixed 5 psi (submitted),184.04542322905618,323.197937941238,157.8490642431169,205.97503326647353,2808.815272033657,3291.568133415544,FLP_min,153.61894016172238,145.67805055726112,94.83078740414334,0,5.0000000000000036
fixed 5 psi (submitted),201.65828554970105,317.30722929348786,146.1128031244991,205.33023771759045,2877.4841958476363,3351.365116292119,BHP_min,159.87829926646697,158.73488843506777,99.28482424653924,0,5.000000000000002
fixed 5 psi (submitted),213.49673687850205,311.61884745155623,149.95611127756536,208.87854174821166,2818.0647714761335,3295.480151899637,WHP_min,159.87829926646697,155.6309625292095,97.34339384597877,0,5.0
fixed 5 psi (submitted),212.74493274115719,318.37025217005555,149.43193755687236,205.74257013346784,2863.154781443251,3397.865445279463,WHP_min,160.4727677853286,156.18955864116296,97.3308809941538,0,5.0
fixed 5 psi (submitted),205.6814711426371,325.2904414376997,128.25294765227827,213.12842380552956,2938.3412311059774,3289.2796023780907,BHP_min,145.80778834587846,144.4699936534865,99.08249435262093,0,5.0000000000000036
fixed 5 psi (submitted),180.72608494033156,314.490252403014,132.3084903064911,214.57446881427902,2929.5396870235095,3394.099732889541,BHP_min,147.78268470343426,146.4472106377211,99.09632575129275,0,5.0
fixed 5 psi (submitted),216.23217946444515,315.4548110070793,158.30871397520923,209.7852344853353,2799.711535273449,3390.1429057386795,FLP_min,152.99170014267622,144.90119621967887,94.71180206805182,0,5.0
fixed 5 psi (submitted),206.38196699793187,323.206686849279,145.03751827953948,202.7503436465769,2809.185369401883,3336.1616153204227,WHP_min,165.414066349887,161.43172047461476,97.59249865313829,0,5.0
fixed 5 psi (submitted),188.58012505585683,300.41213575849434,142.35564897399726,211.4329575778883,2872.8314547485775,3298.6219563711065,BHP_min,160.91677352799726,159.59970264155842,99.181520448389,0,5.0
fixed 5 psi (submitted),223.0344563577296,314.5354389932962,164.98005409028107,211.64047478667172,2916.126288254352,3288.9323359208165,FLP_min,142.53819379010648,133.74614136161628,93.83179189050419,0,5.0000000000000036
fixed 5 psi (submitted),189.13769777092884,305.97911727321,142.29059857385064,207.6822367943135,2788.921869546447,3366.991715648287,FLP_min,173.87263638681736,167.80080742640743,96.5078869875178,0,5.0
fixed 5 psi (submitted),232.1058692650338,309.48014957280725,145.3225678702516,208.91561903769139,2894.475634786225,3272.1208681698035,WHP_min,143.80462672379207,138.94150015315014,96.61824053826682,0,5.0
fixed 5 psi (submitted),196.85226368418938,321.9211798757521,147.72769257170506,213.49918690158424,2839.571672397749,3310.991926755077,FLP_min,167.3922958635355,160.77425015070475,96.04638572002976,0,5.0
fixed 5 psi (submitted),198.39043305184214,306.94117717964235,151.03065339053592,203.97029002734044,2922.4551041286095,3290.5972593478164,BHP_min,149.48774577126866,148.28757922424944,99.1971472037209,0,5.0
fixed 5 psi (submitted),220.40157787350887,317.04552425705197,150.13835191515633,213.43125163447758,2783.9976902938824,3272.4723318813194,WHP_min,154.16531913574585,149.73374339060103,97.12543925573642,0,5.0
fixed 5 psi (submitted),187.31413328011837,302.2931706275465,146.36924094414962,202.48596727928407,2911.433586018698,3253.391579582032,BHP_min,152.04519596221058,150.4388720503666,98.94352208783812,0,5.0
fixed 5 psi (submitted),202.47641830409145,314.19611914165705,133.661132027073,205.33859329275936,2794.5582871056904,3292.274215950209,WHP_min,168.36946305098542,164.50516887207158,97.7048723035105,0,5.0
fixed 5 psi (submitted),235.6122636437155,312.5152609892948,140.4345976504288,209.1676167865126,2882.8283713497012,3349.041481739153,WHP_min,140.48863528651384,135.17795136696586,96.21984802634226,0,5.0
fixed 5 psi (submitted),185.08553803344083,317.45707737104067,154.43694399591902,211.93352549215174,2867.7068503878704,3269.585958735184,FLP_min,158.53037749509798,151.23706805109765,95.39942466595977,0,5.0
fixed 5 psi (submitted),185.02441943380674,309.69161079317456,162.1023523786385,207.08926293250224,2929.0947814295296,3318.951242991554,FLP_min,147.1275105459773,138.6521615814062,94.2394532925081,0,5.0
fixed 5 psi (submitted),225.30708639360762,314.5538152706892,153.34809045729534,204.7576891500077,2927.973052727341,3289.8562103104873,BHP_min,148.1905882310845,145.35912886046242,98.08931228061073,0,5.0
fixed 5 psi (submitted),180.3706097270567,321.63497358350526,152.0641785297832,209.85352174888516,2887.483000462665,3337.9396316527723,BHP_min,157.5478633809813,154.66079469554745,98.1674974046126,0,5.0
fixed 5 psi (submitted),186.91673718471085,320.0761116714015,125.2639409512282,202.7426431843205,2834.17568103907,3306.7554070612982,BHP_min,169.88923429964765,168.52103658486072,99.1946530806221,0,5.0
fixed 5 psi (submitted),187.13790974487105,312.8087281211966,149.9446897449337,205.66195147298652,2891.699896657342,3284.6383143067414,BHP_min,156.5577073434215,155.20848373213292,99.13819406646716,0,5.0000000000000036
fixed 5 psi (submitted),188.6295163362554,322.4669953346546,151.7491251904822,206.44056039942143,2777.3534569635426,3349.5525608993466,FLP_min,162.1662684773797,155.20032371162642,95.70444283440798,0,5.0
fixed 5 psi (submitted),224.99734499557286,304.91827959623475,152.57206947720738,205.3345562957268,2933.023722977937,3362.730953141259,BHP_min,147.04539452486102,145.56907680152278,98.9960122667503,0,5.000000000000002
fixed 5 psi (submitted),196.42387021400378,328.1407895891341,126.00931024418539,202.772360217176,2798.380594229427,3359.8120125054825,WHP_min,172.80540443317972,169.06311140996087,97.83438889802436,0,5.0
fixed 5 psi (submitted),211.57008183009728,313.93126223682196,133.90133355088733,211.34700665539418,2773.4212816103186,3287.1011830607285,WHP_min,161.43279173498667,157.38752431810832,97.49414764286603,0,5.0000000000000036
fixed 5 psi (submitted),228.38161917449855,313.53142393398275,160.07270946398435,209.02496156348383,2907.9089293916763,3278.110490939368,WHP_min,147.2095777967572,142.09012387389689,96.52233638634002,0,5.0000000000000036
fixed 5 psi (submitted),198.973312060588,311.3011815540205,144.7679682352814,207.08700536716296,2914.4932315164942,3275.978579786806,BHP_min,151.3308481129259,149.9851641848961,99.11076694222605,0,5.0
fixed 5 psi (submitted),231.08915487777912,326.6713888243023,128.0207614224439,200.14085554431773,2808.550594563907,3310.1117151642347,WHP_min,144.7262667336088,139.82560069837638,96.61383787073505,0,5.0000000000000036
fixed 5 psi (submitted),238.22696440491043,302.1422579116045,156.25221060913205,207.13137430381593,2775.9747049546268,3304.912046300599,WHP_min,137.88623242959164,132.5709533542067,96.14517056436429,0,5.0
fixed 5 psi (submitted),202.85408442485465,307.3071750090644,136.77455030095518,206.29878246803864,2942.4522789829507,3318.8290853472377,BHP_min,144.8097560509357,143.68567080315404,99.22375033393035,0,5.0
fixed 5 psi (submitted),237.00810072673903,300.91596214750666,127.64441034292878,200.41723859295905,2883.1889276524707,3283.034903667069,WHP_min,139.10629238176958,133.93767663673623,96.28441269152056,0,5.0
fixed 5 psi (submitted),214.5852108775829,323.86098406816274,138.27255674634014,203.6851623906363,2895.081717428115,3321.3846689949355,BHP_min,155.79080480738895,154.31062489353067,99.04989263282368,0,5.0
fixed 5 psi (submitted),188.95260876295805,302.62335352409065,154.4867000455768,212.90618502318387,2928.0724156567026,3326.5133511227054,BHP_min,148.1905882310845,146.89157117339042,99.1234146019662,0,5.0
fixed 5 psi (submitted),189.20727398187884,306.76972236835434,143.1409555608374,212.7778606040842,2880.0394837670538,3291.1310435429987,BHP_min,159.28100234620945,157.71247450854705,99.01524487254727,0,5.0
fixed 5 psi (submitted),225.35631849343076,313.0632052596183,164.3105578077666,206.43090706227207,2917.4392697807093,3252.181244704153,FLP_min,143.6364132298381,134.59122130224506,93.70271665505913,0,5.0
fixed 5 psi (submitted),223.09327590559008,311.95435328354733,144.96037231959338,202.98238700548367,2935.9023027453977,3279.946752007178,BHP_min,146.38670822875943,144.98778255689848,99.04436291464738,0,5.0000000000000036
fixed 5 psi (submitted),213.6952022445086,317.9203687073041,159.33773709198047,206.99999809528416,2915.97825623219,3328.5844846340356,BHP_min,150.93232469940605,143.4189724075549,95.02203897885055,0,5.0
fixed 5 psi (submitted),237.38007956535714,321.49823501196806,161.4842104393606,214.1354079846298,2910.4492312636116,3268.355131989326,WHP_min,138.75870554209325,133.66204298626826,96.32696014573378,0,5.0000000000000036
fixed 5 psi (submitted),187.46571589406096,318.4872525089115,135.84826731047863,205.77728486339407,2784.7656353247253,3364.325749459058,WHP_min,179.13383061608252,175.41739757628613,97.92533156522433,0,5.000000000000007
fixed 5 psi (submitted),231.26986221873284,303.98413881192863,145.67339747056138,205.9251939499638,2908.00306359616,3319.7488450263218,WHP_min,144.55914017452997,139.6488242234198,96.60324767760669,0,5.0
fixed 5 psi (submitted),223.84854294889038,316.9831162973822,164.12992456078192,206.2944961392192,2947.5341739320147,3312.31578749397,BHP_min,143.6364132298381,135.22634837497807,94.14489357834162,0,5.0
fixed 5 psi (submitted),190.96011908344852,323.4624318131223,135.86876009412634,208.48632096252584,2879.2030159782653,3279.9515887229513,BHP_min,159.43059268590295,157.99989078620519,99.10261771245095,0,5.0000000000000036
fixed 5 psi (submitted),182.0644161406815,329.6110003067987,157.69560572311624,201.85557882439215,2919.5938860246315,3288.7195302627415,BHP_min,150.1316978326221,146.12339567517083,97.33014265786828,0,5.0
fixed 5 psi (submitted),194.83708442329956,323.1784905114949,155.29448049428487,212.6893601589806,2777.330401577332,3362.1379262837627,FLP_min,157.32004668241748,149.86427412949772,95.26076128875631,0,5.0
fixed 5 psi (submitted),208.18943245639235,309.77650224382154,154.3721151019563,212.677146214373,2814.4921515126343,3273.221733499069,FLP_min,158.6056410155338,151.36713429828396,95.43616061137391,0,5.0000000000000036
fixed 5 psi (submitted),239.50108310003327,327.5756996771369,136.59364599264148,212.216214619995,2767.938644443277,3386.881886118048,WHP_min,136.5681248751931,131.16234085442346,96.04169419056615,0,5.0
fixed 5 psi (submitted),226.47913411590022,305.9058934428158,136.82748987990797,208.933322822615,2821.1515328462788,3360.435072392118,WHP_min,148.92176113698508,144.25359213869027,96.86535469185003,0,5.0
fixed 5 psi (submitted),215.54177216063962,306.2108595770397,149.40438039535903,200.21088627723367,2772.349563060609,3274.1811725659977,WHP_min,158.22887512598058,153.8221836709439,97.21498907735513,0,5.0
fixed 5 psi (submitted),201.22066272116484,300.35729215023053,162.19630094654713,203.59263433208392,2804.1277100890115,3306.346348855788,FLP_min,147.04539452486102,138.57810245391298,94.24171556116538,0,5.0
fixed 5 psi (submitted),236.4443229437065,310.5545798744411,142.2453142481839,204.47760908753673,2945.2490070103586,3304.7285837300874,WHP_min,139.62617113588234,134.48612703798943,96.31871012713606,0,5.0
fixed 5 psi (submitted),185.01224525937792,319.7394718271723,153.66419682861905,205.5836153629253,2792.2770310899773,3311.387717677537,FLP_min,159.58000543959602,152.57393527353082,95.60968170995763,0,5.0
fixed 5 psi (submitted),206.34409263074184,329.85899410163586,159.33741302216748,209.31363347629926,2788.7835895736507,3353.187178208355,FLP_min,151.41041000166268,143.50585749214238,94.77938636489162,0,5.0
fixed 5 psi (submitted),225.5399401369238,302.26166216083044,140.17946066808628,204.90271696318715,2864.0862645222933,3347.9579827552434,WHP_min,149.72958814190554,145.08688052591043,96.89927176477973,0,5.0
fixed 5 psi (submitted),190.8832673033017,314.0897830834114,164.68671546143577,200.2377895884106,2824.1987223658075,3300.1468695784456,FLP_min,142.9615779296903,134.38650318050674,94.001832608898,0,5.0
fixed 5 psi (submitted),204.33498120135297,326.07581146574046,142.53220153197896,213.24617002243997,2865.1079686060475,3313.692654240195,BHP_min,162.74994346363363,161.12265338754725,99.00012863817062,0,5.0
fixed 5 psi (submitted),195.13818525946473,324.7084156596489,150.768020720131,203.18339104823238,2776.014098691017,3268.8146992979728,FLP_min,163.47568392564924,156.49100442816663,95.72738934026462,0,5.0000000000000036
fixed 5 psi (submitted),234.54431777095832,312.10174612788177,157.81231177443823,213.43043139139667,2795.266609558857,3254.885852472192,WHP_min,141.5170015144484,136.41077098370954,96.39179004918535,0,5.0000000000000036
fixed 5 psi (submitted),190.82016519274097,323.1893611698332,125.61652704484648,208.46198090026792,2788.2533531176095,3364.999102357035,WHP_min,176.82411045043182,173.2038593175967,97.95262584745198,0,5.0
fixed 5 psi (submitted),208.7625417857673,316.47239817230303,136.73633027601133,206.84867755547205,2759.1425205891596,3371.427947060488,WHP_min,163.62032110261217,159.5179908794471,97.49277461655123,0,5.0000000000000036
fixed 5 psi (submitted),234.44993540256803,322.579425591551,144.82489089791406,212.6567652416604,2750.764175159831,3349.893611048232,WHP_min,141.60237462020243,136.5670395896273,96.44403206932046,0,5.000000000000002
fixed 5 psi (submitted),226.043155038933,309.7996871157681,159.26286763775911,200.00285002411016,2876.4240422877274,3295.153597147092,WHP_min,149.326276895208,143.55624404719765,96.13595613044076,0,5.0
fixed 5 psi (submitted),217.71767542560914,307.54075978650883,133.39119480347796,209.39240580208303,2849.386964123236,3278.092103246355,WHP_min,156.40469289449632,152.16019543655048,97.28620837431713,0,5.0000000000000036
fixed 5 psi (submitted),233.17049579473806,326.47159985962077,146.98273620117936,210.5914404130559,2840.277347010707,3370.21650465563,WHP_min,142.7923732149616,137.7985116313003,96.50271126445705,0,5.0
fixed 5 psi (submitted),230.03137477686147,322.924790978516,134.72595357125806,200.36732690296975,2881.6506156582623,3311.6886541725144,WHP_min,145.72488934092453,140.90787216396657,96.69444444340012,0,5.0000000000000036
fixed 5 psi (submitted),233.65565070683428,325.79542582640124,146.35008375980954,205.6616622598327,2892.597908185071,3356.4054543268608,WHP_min,142.36849245538144,137.43494392724514,96.53466266092374,0,5.0
fixed 5 psi (submitted),220.93697358828086,325.27272163021007,148.09274340979306,207.74065219760308,2853.38162672148,3383.347098702902,WHP_min,153.6971343893314,149.2587752393294,97.11226942022277,0,5.0000000000000036
fixed 5 psi (submitted),202.00506800565768,325.25747579431214,145.19558255032717,201.2800842615399,2839.796397462519,3293.679459646881,BHP_min,168.57783400579996,163.88996952047134,97.21916910786307,0,5.0000000000000036
fixed 5 psi (submitted),211.6731026798304,325.59929566006184,132.1782210888183,207.12836936438035,2866.500450347038,3365.473046725123,WHP_min,161.3592055421582,157.17483922669416,97.40680037348672,0,5.000000000000002
fixed 5 psi (submitted),236.45861775008248,316.5182364370523,161.86472075449515,205.0483844351831,2902.863954263532,3364.55881874766,WHP_min,139.62617113588234,134.35695152571736,96.226194869272,0,5.0
fixed 5 psi (submitted),213.07673884627664,305.2136615618247,140.448171826411,204.3627517735884,2943.375723853017,3346.693369146319,BHP_min,144.64272811372726,143.22422862544838,99.01930812092844,0,5.0
fixed 5 psi (submitted),234.5422702057195,308.88479308903163,142.15760234343153,208.51058488547844,2820.945636678062,3318.4749440730925,WHP_min,141.5170015144484,136.24930872692747,96.27769615583388,0,5.0
fixed 5 psi (submitted),215.95842343206786,300.8485792305173,138.592446195887,200.00332549565448,2846.5075244003347,3341.200099762066,WHP_min,157.85098605943745,153.58187304003405,97.29547902995304,0,5.0
fixed 5 psi (submitted),185.57942760394005,307.2628320643439,157.15967284236055,212.60422339774397,2827.546650854073,3372.133559581184,FLP_min,154.63182733915738,146.61753383492896,94.81717726412785,0,5.0
fixed 5 psi (submitted),196.62841518192857,321.18324666940447,146.8182649462846,206.60148618353995,2881.2884552347555,3252.0086018645784,BHP_min,158.98128783627212,157.59692757855393,99.12923069339841,0,5.0
fixed 5 psi (submitted),189.7466065625013,308.8147039316387,152.2225043907839,210.59352970042062,2886.1521648372054,3365.1425659845613,BHP_min,157.85098605943745,154.2579719263857,97.72379367228099,0,5.000000000000002
fixed 5 psi (submitted),184.7730936608241,303.1766672524606,159.21404641048457,205.35256629441702,2863.674258096702,3325.525420860012,FLP_min,151.56939119251,143.638099536948,94.76722074743417,0,5.0
fixed 5 psi (submitted),217.59975428025749,302.3084013368386,155.7916090546566,201.8510349224473,2886.274892366807,3310.3213148726068,WHP_min,156.5577073434215,149.04414062150718,95.20076855403055,0,5.0
fixed 5 psi (submitted),209.5356981637283,320.15081203082235,139.84011002782546,200.69056207027208,2942.842310344321,3328.4015349111874,BHP_min,144.7262667336088,143.3779911766282,99.06839609187024,0,5.0
fixed 5 psi (submitted),224.52867846365166,315.93884501172516,157.7874761067989,208.46924268631588,2774.5513756774394,3346.2859846983706,WHP_min,150.61264766727385,145.78393006608363,96.79394946176261,0,5.0
fixed 5 psi (submitted),190.36444016621905,324.7096240504988,152.2424640189126,214.09712957214663,2875.816157908302,3283.7744646182155,BHP_min,160.25017244044162,154.26239152078026,96.26347926590421,0,5.0
fixed 5 psi (submitted),213.428252749517,323.1531683087969,153.47553190100305,205.13445059002228,2881.0702301207607,3390.2903591951613,BHP_min,159.05628327613945,152.513613968462,95.88656972681888,0,5.0
fixed 5 psi (submitted),221.08860258597213,311.01904206757405,161.43033321533713,212.41436289092258,2921.0367520534337,3266.026206503995,FLP_min,148.1905882310845,139.9259682000761,94.42297913135971,0,5.0
fixed 5 psi (submitted),197.44973001844127,323.7038340798061,135.99229983538737,201.10558903336783,2886.6532024945172,3369.8904934718557,BHP_min,157.77527310588601,156.6039219992249,99.25758258337794,0,5.0
fixed 5 psi (submitted),218.50606848842187,310.3453000927501,147.39093275870195,200.32279927171192,2862.5323311506118,3378.5201762072616,WHP_min,155.79080480738895,151.31209023080586,97.12517399077544,0,5.0000000000000036
fixed 5 psi (submitted),184.6831941008742,311.49958189643496,131.59454870105947,205.70011844949886,2752.601534674977,3374.1644379746717,WHP_min,181.02502695282843,177.46738065651522,98.03472130003314,0,5.0
fixed 5 psi (submitted),209.77459862047607,313.07754196686835,149.07178862545805,212.75042306382352,2808.2521449648775,3290.127545860792,WHP_min,162.82270969306276,158.71893868420202,97.47960771774603,0,5.0
fixed 5 psi (submitted),182.9696524627297,307.9919728119987,127.64847392819051,200.6233773076083,2860.5461124420735,3277.575233110533,BHP_min,163.76478864387232,162.37187552023957,99.14944284716672,0,5.0000000000000036
fixed 5 psi (submitted),184.45546332392527,327.50144224240023,130.94935569882495,201.42246186085953,2944.1356116654406,3350.0450445852453,BHP_min,144.4755028997299,143.26763280942242,99.16396201012309,0,5.0
fixed 5 psi (submitted),223.5452425001899,316.89611987460586,127.81558856480717,212.62815860618818,2833.6058008410514,3308.8701736564262,WHP_min,151.48992435282872,146.9272148206873,96.98811023133486,0,5.0
fixed 5 psi (submitted),188.11855464026337,303.3965965749384,145.88983731641193,208.53115384353669,2853.737108549216,3341.968701693132,BHP_min,165.34281834424857,163.0777243589436,98.6300620686234,0,5.0
fixed 5 psi (submitted),232.6586077852464,315.1261453483366,140.16590714799474,203.84859053870642,2811.369328490985,3334.121058003855,WHP_min,143.2993920716676,138.27887114560997,96.49648135035581,0,5.0
fixed 5 psi (submitted),227.72234046998184,313.2336308979612,126.63049309234458,202.82231755614154,2768.130446684992,3300.0015121044667,WHP_min,147.78268470343426,143.03568593941677,96.78785185588987,0,5.0
fixed 5 psi (submitted),221.06259948425657,317.7214419571461,151.48510359832963,206.8189269638069,2771.9561073902214,3294.4383932559012,WHP_min,153.61894016172238,149.09762299269667,97.05679705623155,0,5.0
fixed 5 psi (submitted),210.657628735287,314.9149489521796,134.74645551531756,212.3795233725029,2836.662667197408,3376.818418774102,WHP_min,162.09311542915404,158.0076035452439,97.47952781764147,0,5.0
fixed 5 psi (submitted),195.9295578198907,328.2581875761939,129.474293856049,211.53773735772134,2754.037290601944,3285.4480995312265,WHP_min,173.20673267049744,169.3887793963789,97.79572467233034,0,5.0
fixed 5 psi (submitted),232.2331982586116,310.5031499943386,162.29917972235143,213.94125500934285,2910.038515378701,3309.4158173837222,WHP_min,143.6364132298381,138.40881994583157,96.36053757786219,0,5.0
fixed 5 psi (submitted),231.49611020615865,313.7131301078646,130.0468878034251,212.7793755337877,2913.2493408843793,3270.3348160678456,WHP_min,144.39181627322412,139.29527751663085,96.47034098736636,0,5.0
fixed 5 psi (submitted),231.99159101870748,315.56889159311254,154.74363034048704,204.0226403119949,2793.09229676433,3377.2469222361515,WHP_min,143.88865925057732,138.92777584779012,96.55227630264592,0,5.0
fixed 5 psi (submitted),216.01282788351583,304.43116396825957,139.63480345006826,212.88553727332192,2843.6567163428294,3300.527934341859,WHP_min,157.85098605943745,153.45713580553604,97.21645688532668,0,5.0
fixed 5 psi (submitted),200.45723189304186,324.739326067019,143.1719611015916,214.22530254102088,2812.440030180315,3363.472049375363,WHP_min,169.88923429964765,166.05463664236723,97.74288366588489,0,5.000000000000007
fixed 5 psi (submitted),197.14232956144116,323.0351640592745,125.7039190590922,201.94731472342374,2801.8513813059058,3380.513794694715,WHP_min,172.33548194488938,168.60010995910395,97.83249975940534,0,5.000000000000007
fixed 5 psi (submitted),199.34990258079557,314.5057662360245,129.28178080178955,208.50017429029504,2769.1989067886766,3271.2403506734686,WHP_min,170.71019553762034,166.8985103157251,97.76716018050882,0,5.0000000000000036
fixed 5 psi (submitted),228.05834371146457,307.3173085872783,127.45014844365919,209.02737320352915,2779.300031204136,3257.92250856157,WHP_min,147.53735950435816,142.7555313992478,96.75890356098645,0,5.0
fixed 5 psi (submitted),229.83313899172893,311.9154846286248,159.6190030428695,211.16047202079335,2790.1928059979896,3262.721694382899,WHP_min,145.89063827284974,141.16708597291833,96.76226497063007,0,5.0
fixed 5 psi (submitted),190.2814351444184,314.8374049340153,139.30992558290396,212.47973064753594,2843.848168610715,3333.2124550665735,BHP_min,167.6722913097244,166.2824332353344,99.17108660975913,0,5.0
fixed 5 psi (submitted),203.2471346674441,322.6470101509498,152.55759165144696,210.28658501112835,2904.3188776804777,3309.7909193075657,BHP_min,153.61894016172238,152.1653184741351,99.05374839452935,0,5.0
fixed 5 psi (submitted),187.14515047438573,324.53800332444763,138.82089942244295,210.37643924084688,2947.6931818749135,3355.264260316718,BHP_min,143.6364132298381,142.30598470226553,99.07375261073689,0,5.000000000000002
fixed 5 psi (submitted),234.40114386787533,300.40064845903464,149.1486987941368,201.45984038282276,2924.500926164888,3394.0371629546926,WHP_min,141.60237462020243,136.54340117772568,96.42733855555345,0,5.0
fixed 5 psi (submitted),182.049214652141,303.99784051106724,158.31044140597584,210.30329640484425,2946.331555317202,3363.4763792278654,BHP_min,143.97264231708976,142.64989291044378,99.08124947534635,0,5.0
fixed 5 psi (submitted),215.65140447147405,316.17729761119676,125.39469438830062,211.75722056324443,2826.8003572815373,3265.9979799272655,WHP_min,158.15338729766822,153.823940329729,97.26250127049725,0,5.0
fixed 5 psi (submitted),212.81008782676443,311.0988822033525,149.23431819809952,200.2500819008336,2782.995222315024,3330.9746394727854,WHP_min,160.39861330400146,156.33332089868208,97.46550651431475,0,5.0
fixed 5 psi (submitted),216.5944449734385,302.4664247781848,150.45511501779768,212.61831722550664,2807.356725182386,3328.1996167960315,WHP_min,157.32004668241748,152.85385792777262,97.1610809627709,0,5.0
fixed 5 psi (submitted),234.36715649538888,321.088790557373,133.26889311833867,214.49739012497756,2818.415008792476,3373.6303661243396,WHP_min,141.68769791568172,136.5029287139051,96.34070616006333,0,5.0
fixed 5 psi (submitted),207.1510485434096,323.69302686610484,161.83690696522996,213.54085000867417,2910.9204921308533,3298.4458496350157,FLP_min,147.53735950435816,139.31287375974668,94.42548939994514,0,5.0
fixed 5 psi (submitted),234.75777986782796,304.6001932227624,135.40779906490715,209.6952983610736,2899.63622404839,3257.550442479331,WHP_min,141.26058322862485,136.23541565973815,96.44262578135215,0,5.0
fixed 5 psi (submitted),196.1318503213314,311.0709964097932,158.88986097443677,200.02876036291656,2927.99911602841,3300.209583770244,BHP_min,148.1905882310845,144.35085036613492,97.40891920952363,0,5.0
fixed 5 psi (submitted),216.99441322457056,328.0728236168504,127.4639417958957,208.17880181703862,2794.4434984099457,3355.3371229019604,WHP_min,157.0156565169865,152.68606990919233,97.24257650234658,0,5.000000000000002
fixed 5 psi (submitted),229.06909978147488,307.3874833176158,159.39578285077778,202.66120205797176,2846.014453832502,3269.692391679818,WHP_min,146.55167309989864,141.66241669301192,96.66380034873168,0,5.0
span-proportional 1.1 %,218.21770123928727,308.0936014129161,126.63894095744779,200.24791453292795,2912.6540478400543,3386.913336591658,BHP_min,151.72818244223947,150.29071502373526,99.05260354710212,0,5.0
span-proportional 1.1 %,216.3981465460308,321.88489682951996,146.7449996586169,214.02608635681653,2913.1707108243063,3250.410775025522,BHP_min,151.56939119251,150.42143973020785,99.24262316205775,0,5.0
span-proportional 1.1 %,231.44425659525416,301.0075672591639,154.18621785719776,202.63483430903838,2922.6357844699774,3331.2191830373636,WHP_min,144.39181627322412,143.47780406708623,99.36699168295773,0,5.0
span-proportional 1.1 %,197.9827134322431,312.68061663592977,126.13278684581852,201.86424914749347,2884.124882938726,3347.0784267361373,BHP_min,158.3043180270987,157.02973759612865,99.19485428644349,0,5.0
span-proportional 1.1 %,216.92310668887524,311.5103266278565,164.88839743156845,214.71253008164345,2887.108396896139,3347.5688914401726,FLP_min,142.62296992934978,141.53357316495683,99.23617018707955,0,5.0
span-proportional 1.1 %,221.3068038342564,311.66764271937313,130.40386020089645,210.82232510291124,2855.070864495145,3296.5362813338434,WHP_min,153.3840767291592,152.36779224869426,99.33742504297922,0,5.0
span-proportional 1.1 %,209.15012152990735,326.68463503047,162.36174063824998,205.36692795063607,2864.305966145952,3298.2804086613914,FLP_min,146.7164423353556,145.81825705723924,99.38780871194837,4,5.0
span-proportional 1.1 %,215.65800181198182,310.137336765214,140.66476002112645,213.35411528007188,2795.431518706676,3343.478071702906,WHP_min,158.15338729766822,157.1064939389786,99.33805188963849,0,5.000000000000002
span-proportional 1.1 %,185.0409206149431,324.97932442960195,156.48393229954735,203.59054164489427,2925.296846162141,3258.785205220779,BHP_min,148.84071318864906,147.79206333783094,99.29545496769488,0,5.0
span-proportional 1.1 %,200.1670236327396,304.5083840068452,143.01357466597148,211.94486405430942,2796.1284417987495,3257.8031951596613,WHP_min,170.09500010257415,169.1869318450936,99.46614053503457,0,5.0
span-proportional 1.1 %,204.2731103892917,305.9553913352777,128.63012182476487,208.70498578980275,2809.7392265637845,3350.7992316934537,WHP_min,167.04139081433934,166.0978969512453,99.43517360667651,0,5.0
span-proportional 1.1 %,191.9709266380928,328.26339331519495,139.60440672979314,201.58242919355345,2875.8216303079416,3389.07318296018,BHP_min,160.25017244044162,158.53442169319632,98.92932985898473,0,5.0
span-proportional 1.1 %,206.42262928294704,328.6377148107221,144.99583254750587,206.37842937273612,2874.0426904030755,3399.2644757852986,BHP_min,160.69496783871273,159.06304076668178,98.98445664230825,0,5.0
span-proportional 1.1 %,236.9366204962659,313.8013541792729,155.30915381233166,207.46134043231427,2855.862432039354,3367.867855107071,WHP_min,139.19306394108094,137.99132281812192,99.13663720810995,0,5.0
span-proportional 1.1 %,204.87935096134024,322.0345071536619,153.44571511959,213.98089529920068,2772.986526656181,3359.3522675614463,FLP_min,159.87829926646697,158.76915122484942,99.3062547908588,0,5.0
span-proportional 1.1 %,235.6454357174736,329.03778569773937,125.58825219861477,212.95460135368364,2946.239008013269,3393.5815269416444,WHP_min,140.40261372659612,139.27977786574226,99.20027424628978,0,5.0
span-proportional 1.1 %,188.92584073394988,329.17886441468863,160.59742222882082,212.33560741314605,2845.9975847615665,3284.8559379458957,FLP_min,149.48774577126866,148.45724720902805,99.31064679788712,0,5.0000000000000036
span-proportional 1.1 %,228.11283472309847,327.7059047935041,135.6452108916917,208.0840161143328,2838.550565794906,3389.6525973971734,WHP_min,147.45548713069502,146.2700567961137,99.1960758072498,0,5.0
span-proportional 1.1 %,182.4306426713061,321.96018586969683,149.57492987795987,200.4254804767028,2893.843954565348,3252.398759428536,BHP_min,156.09811540620024,154.9222153728489,99.24669171675046,0,5.0000000000000036
span-proportional 1.1 %,225.4770601413857,315.38276169786235,162.16416883188026,200.99123745086112,2918.2634559224766,3260.003501315065,FLP_min,147.04539452486102,146.10678602410513,99.36168793059534,0,5.0
span-proportional 1.1 %,200.6585987282475,312.908961958435,163.6424832313628,208.43347763342686,2801.772918634186,3286.2513571141517,FLP_min,144.7262667336088,143.56507817844445,99.19766564745174,0,5.0
span-proportional 1.1 %,233.2870992395508,306.7760828525197,129.98218823341134,204.32496135511366,2867.2246129625464,3333.11357532599,WHP_min,142.70769640002607,141.80252004208495,99.3657130058327,0,5.0
span-proportional 1.1 %,228.58264655476665,316.8142785601856,136.5368485772484,206.19344514021338,2913.624194194182,3343.975969362963,WHP_min,147.04539452486102,145.92948707866563,99.24111363718588,0,5.0
span-proportional 1.1 %,237.54465856184652,311.0821323327504,147.1044604208515,208.90886302419753,2919.658241655012,3271.8210307279796,WHP_min,138.5846116838329,137.62344527081711,99.3064407358527,0,5.0
span-proportional 1.1 %,204.3906202048876,327.2987688498689,126.72267554272817,212.34059420272254,2833.076807474245,3374.4705977917156,WHP_min,166.97108799998998,165.8076965349345,99.30323777667692,0,5.0
span-proportional 1.1 %,180.59727364843752,310.9513847327481,128.14520148662558,209.78921864504957,2804.7698197199115,3355.397810598968,BHP_min,176.6944719689433,175.24729998217254,99.18097495035096,0,5.000000000000002
span-proportional 1.1 %,236.62808561652545,303.80451306783743,159.59113181603095,200.89196227400507,2826.1541016621777,3314.4661091767866,WHP_min,139.45307835273132,138.58247868221005,99.37570422911772,0,5.0
span-proportional 1.1 %,209.33097281000786,329.29386965808135,156.02764752407313,204.6328604407889,2803.96735710016,3379.4680306283976,FLP_min,156.2514956651911,155.2973132014232,99.38932906868777,8,5.0
span-proportional 1.1 %,232.8784303642614,315.32119516630934,138.771829238493,214.92376022241376,2813.18870907354,3277.4068568389844,WHP_min,143.04610585590459,142.03056409037538,99.29005983109236,0,5.0000000000000036
span-proportional 1.1 %,232.8058872782442,324.37006194333765,151.71557622285405,214.37620447666927,2935.142915442884,3362.237275495263,WHP_min,143.13058417921982,142.16216990303167,99.32340506975395,0,5.0
span-proportional 1.1 %,231.64208457286065,307.41440220966325,130.64986227604126,210.05092773972405,2892.9237073309505,3275.0579393173407,WHP_min,144.22429490645462,143.3940940077701,99.42436820424534,0,5.0000000000000036
span-proportional 1.1 %,203.73343638629257,327.30767298648163,147.45603070200892,208.6750387238941,2788.825954578159,3328.9033372926815,WHP_min,167.46235532939295,166.39419166423673,99.36214699533205,0,5.0
span-proportional 1.1 %,211.40608364369518,302.66806920738816,164.27770772506824,208.5709340068366,2751.281776532862,3365.8973801838083,FLP_min,143.6364132298381,142.49160949750714,99.20298501850007,0,5.0
span-proportional 1.1 %,238.69594283040874,317.6961008496285,137.7872654513066,202.81261573591678,2884.5053267833737,3279.266109768521,WHP_min,137.44811665201897,136.38543538304972,99.22684915962896,0,5.0
span-proportional 1.1 %,214.66127355107156,318.06717529138876,163.49692372497523,201.08397898294814,2849.9945647317236,3361.6146218923973,FLP_min,144.8931960805803,144.2438166065469,99.55182196845718,0,5.0
span-proportional 1.1 %,190.63360442847954,311.64200195353556,127.51581993819886,210.88821295663666,2767.5535773518973,3309.263756253695,WHP_min,176.9536082112305,175.89670247247662,99.40272156672147,0,5.0
span-proportional 1.1 %,232.41135786724394,314.16901010250035,161.5048773456354,211.4887567660831,2933.0647920223532,3269.110451357336,WHP_min,143.46800171756485,142.67415260579102,99.44667166039113,0,5.0
span-proportional 1.1 %,184.41377431983793,302.10978760707656,159.75417177389278,209.51104969021165,2849.3143387597706,3274.531512429472,FLP_min,150.7725816688186,149.7784534532803,99.34064389921905,0,5.0
span-proportional 1.1 %,220.42400626363641,309.5405216353739,153.4351945306378,206.90532993300988,2851.4939721089054,3368.4498598689806,WHP_min,154.16531913574585,153.16805922941614,99.35312305522386,0,5.0
span-proportional 1.1 %,185.56472853140284,317.36275509970505,132.88939789183473,212.12205127720352,2847.769207225852,3398.304300005173,BHP_min,166.7599352788174,165.09200921656605,98.99980408395899,0,5.0
span-proportional 1.1 %,190.97659948054311,328.890574203728,157.03668146434435,207.21890744862904,2912.706812835927,3340.4273357861675,BHP_min,151.72818244223947,150.26707727507338,99.03702453713744,0,5.0
span-proportional 1.1 %,219.3072638394828,327.41072288122166,127.61081665645166,212.52482305937602,2826.362955993248,3298.8318424151057,WHP_min,155.0966653372164,153.93239638213376,99.24932689393982,0,5.0
span-proportional 1.1 %,239.64160627259906,323.43571506229137,144.4214055511835,206.3394259463717,2925.505781174359,3263.022230832234,WHP_min,136.47984990104092,135.3330950779675,99.15976254084035,0,5.0
span-proportional 1.1 %,222.50512541483195,323.6746387111544,156.9678551886446,204.83430087109747,2909.327836549211,3283.79926628135,WHP_min,152.3614522642547,151.3421304332396,99.33098443479837,0,5.0
span-proportional 1.1 %,201.73847702907415,312.5234433661314,146.65639934520658,201.68920498310837,2831.3895601278614,3250.0451035160386,FLP_min,168.7165487669805,167.7417777639186,99.42224339569192,0,5.0000000000000036
span-proportional 1.1 %,224.66284358084394,325.5562773670277,130.5572671648079,210.55678653900196,2914.2206176789277,3397.274248430769,WHP_min,150.532608989443,149.33683123321592,99.20563540069188,0,5.0
span-proportional 1.1 %,230.6274337421236,312.72319456332036,164.18754834038626,214.60976607278533,2850.735395840116,3363.016980787586,FLP_min,143.80462672379207,142.75485748345554,99.27000315340838,6,5.000000000000002
span-proportional 1.1 %,234.83026006038978,314.2844121590626,159.5514496438834,210.5235284909281,2808.7848511949114,3365.147840497521,WHP_min,141.17501077567357,140.08625393965434,99.22878926657263,0,5.000000000000002
span-proportional 1.1 %,214.24108715156996,302.8153546029992,140.65521705218657,201.10611520096708,2845.233392643399,3314.2809412214388,WHP_min,159.28100234620945,158.38150602758213,99.43527708554207,0,5.0
span-proportional 1.1 %,205.42424657822684,317.58901060772354,129.90762640704293,214.00653364935263,2886.8100896150067,3373.5672037589156,BHP_min,157.69951502984446,156.15113052518743,99.0181425070559,0,5.0
span-proportional 1.1 %,233.80807393582558,317.4996014077043,126.60872883618403,210.67230236176636,2863.805170852672,3373.89358332556,WHP_min,142.1985922963328,141.21942224332508,99.31140664812827,0,5.0000000000000036
span-proportional 1.1 %,211.92962840846064,324.3973228609258,164.88041172289968,205.2583221705183,2784.204288004135,3308.7512199180856,FLP_min,142.62296992934978,141.5184947387533,99.22559795862925,7,5.0
span-proportional 1.1 %,225.1829993919406,313.1768679557492,148.53520437716858,201.91037707882506,2895.224702186796,3292.012360279975,WHP_min,150.05137187484237,148.99302344383392,99.2946759381239,0,5.0000000000000036
span-proportional 1.1 %,191.4370536242411,325.8884999574958,147.57651284482375,207.26748413519377,2929.764753049697,3262.9018654091506,BHP_min,147.78268470343426,146.72831461845485,99.28654017411087,0,5.0
span-proportional 1.1 %,221.76926702045355,309.83946869293806,132.01638999940323,210.1219797495092,2822.564390172587,3299.4843748740905,WHP_min,152.99170014267622,151.93358223482028,99.30838214957467,0,5.0
span-proportional 1.1 %,236.62066591375128,305.9789502203846,145.4869463135094,200.36019801007023,2782.673618227391,3382.5128100450343,WHP_min,139.45307835273132,138.52130018148506,99.33183391700437,0,5.0000000000000036
span-proportional 1.1 %,227.35485289516058,316.70506470161973,133.8981358396544,208.3662137393196,2752.4293052227226,3356.949044640688,WHP_min,148.10910460616736,147.11454318866998,99.32849407189248,0,5.0
span-proportional 1.1 %,223.0050408338237,319.38135070699064,149.45354737100806,201.10574648936807,2799.281193810195,3336.15670721469,WHP_min,151.9660136383162,150.8668130138073,99.27667996403127,0,5.0
span-proportional 1.1 %,203.65120596173387,329.76069685744335,161.94981429500726,202.28011853783806,2867.9921185299063,3354.4322659155187,FLP_min,147.37356606863167,146.6116274516757,99.48298827443645,5,5.0
span-proportional 1.1 %,188.19260485805316,309.3778694130351,153.63671387701976,213.51662140134255,2818.348530041227,3285.841556753692,FLP_min,159.58000543959602,158.64583648405693,99.41460776808114,0,5.0
span-proportional 1.1 %,229.30752016381288,317.54948040677033,144.0635368682308,203.8422503214184,2764.5316697296644,3252.6837131345465,WHP_min,146.38670822875943,145.29537430423187,99.25448564440555,0,5.0
span-proportional 1.1 %,214.7982108338457,305.73330820380227,164.02131913707282,201.61215842579222,2840.4177576654215,3309.198969560644,FLP_min,144.0565759384031,143.24356260801537,99.43562914424997,10,5.0
span-proportional 1.1 %,193.93868851713185,322.46267175011803,150.74819048321243,210.88636527577805,2766.561715179299,3302.9115123544607,FLP_min,163.47568392564924,162.38465462226034,99.332604533476,4,5.0
span-proportional 1.1 %,211.1899844600539,312.8016343119072,126.62470247490981,202.9104118235119,2939.0049296609254,3274.3854587129977,BHP_min,145.6419412398605,144.54133691164716,99.2443081169862,0,5.0
span-proportional 1.1 %,231.1231399477665,324.6641147719332,140.65175028312433,207.00175279766395,2914.800361529984,3352.102948835532,WHP_min,144.7262667336088,143.5379703750634,99.17893525110223,0,5.000000000000002
span-proportional 1.1 %,230.21662418574425,322.7278975749637,152.65085917762417,213.69461159010316,2914.5614266189177,3276.859403137449,WHP_min,145.55894402469266,144.46283257192752,99.24696386051056,0,5.0
span-proportional 1.1 %,224.89345650487468,302.6004396934363,142.03424961176086,205.95127830730138,2790.433618795097,3390.6857662953985,WHP_min,150.2922059479817,149.4375071322974,99.43130862289685,0,5.0
span-proportional 1.1 %,185.68660070167002,300.1469824496573,137.91683214655913,214.86117077361834,2802.939025677688,3374.6041398276598,BHP_min,177.08296555207758,175.66239349299212,99.19779293583849,0,5.0
span-proportional 1.1 %,190.38681822122794,317.59135064395133,163.33637340717567,210.7476985184871,2946.1015950356973,3336.183497363356,BHP_min,143.97264231708976,142.71660855820934,99.12758858998079,0,5.0
span-proportional 1.1 %,239.00008239320528,325.11141095160013,156.12992904407713,213.3273483036725,2876.298303452323,3303.4546819564857,WHP_min,137.09672164654324,135.97815621682423,99.18410490325009,0,5.0
span-proportional 1.1 %,211.6969464034196,306.7950118704709,156.1017649552682,202.551177524223,2865.439589797318,3330.384839436867,FLP_min,156.17482842994536,155.24444194394212,99.40426604251364,6,5.0
span-proportional 1.1 %,220.31416820866144,322.8145979599575,129.39311544255636,209.37411442501974,2832.7911764930386,3342.130215350193,WHP_min,154.24318675968084,153.2495125861362,99.35577434931189,0,5.0
span-proportional 1.1 %,221.6390725887897,317.56438757281865,154.3154430743486,207.8003788580697,2842.5735618258545,3293.0153298172804,WHP_min,153.14879157619242,152.06553543262802,99.29267731569043,0,5.0
span-proportional 1.1 %,193.7491001998024,320.85906318275454,152.82845411249832,202.93223769464893,2944.3674833222226,3350.6726170434094,BHP_min,144.39181627322412,143.24837308870036,99.20809695865304,0,5.0
span-proportional 1.1 %,211.87296739258957,325.235260546349,144.4608173321262,207.1391730515049,2801.6548800155074,3273.420322208604,WHP_min,161.1381857842584,160.02770768450148,99.31085354203769,0,5.0000000000000036
span-proportional 1.1 %,222.69723473285504,325.3233290471713,152.11195112383837,205.53232275043925,2865.1444182438104,3334.5118710510983,WHP_min,152.20341865812932,151.14457067550757,99.30432049952827,0,5.0
span-proportional 1.1 %,236.19396500845764,311.63022635867065,131.59130608264013,213.15399339993516,2928.945699377374,3257.239839250284,WHP_min,139.88543520957128,138.90296847867393,99.29766331324954,0,5.0000000000000036
span-proportional 1.1 %,191.89344185036893,319.0885096079838,156.55380622539352,209.10038760110825,2788.3178392253117,3267.64623628933,FLP_min,155.48275912559785,154.47320085743252,99.35069439605851,0,5.0
span-proportional 1.1 %,210.358358043911,324.4653121997703,133.68268724288504,201.12699042309174,2860.208999158661,3278.772572220288,WHP_min,162.38546903529712,161.1550564751018,99.24228900066922,0,5.0
span-proportional 1.1 %,184.04542322905618,323.197937941238,157.8490642431169,205.97503326647353,2808.815272033657,3291.568133415544,FLP_min,153.61894016172238,152.59310081230544,99.33221818329368,0,5.0000000000000036
span-proportional 1.1 %,201.65828554970105,317.30722929348786,146.1128031244991,205.33023771759045,2877.4841958476363,3351.365116292119,BHP_min,159.87829926646697,158.66499527596787,99.24110777005646,0,5.000000000000002
span-proportional 1.1 %,213.49673687850205,311.61884745155623,149.95611127756536,208.87854174821166,2818.0647714761335,3295.480151899637,WHP_min,159.87829926646697,158.71581678857711,99.27289539404447,0,5.0
span-proportional 1.1 %,212.74493274115719,318.37025217005555,149.43193755687236,205.74257013346784,2863.154781443251,3397.865445279463,WHP_min,160.4727677853286,159.3074916203802,99.2738480297746,0,5.0
span-proportional 1.1 %,205.6814711426371,325.2904414376997,128.25294765227827,213.12842380552956,2938.3412311059774,3289.2796023780907,BHP_min,145.80778834587846,144.7529702937503,99.27656947266358,0,5.0000000000000036
span-proportional 1.1 %,180.72608494033156,314.490252403014,132.3084903064911,214.57446881427902,2929.5396870235095,3394.099732889541,BHP_min,147.78268470343426,146.4186947822165,99.07702994843072,0,5.0
span-proportional 1.1 %,216.23217946444515,315.4548110070793,158.30871397520923,209.7852344853353,2799.711535273449,3390.1429057386795,FLP_min,152.99170014267622,151.78219164241017,99.20942868198857,4,5.0
span-proportional 1.1 %,206.38196699793187,323.206686849279,145.03751827953948,202.7503436465769,2809.185369401883,3336.1616153204227,WHP_min,165.414066349887,164.33992585374938,99.35063533601453,0,5.0
span-proportional 1.1 %,188.58012505585683,300.41213575849434,142.35564897399726,211.4329575778883,2872.8314547485775,3298.6219563711065,BHP_min,160.91677352799726,159.64686526078586,99.21082915138709,0,5.0
span-proportional 1.1 %,223.0344563577296,314.5354389932962,164.98005409028107,211.64047478667172,2916.126288254352,3288.9323359208165,FLP_min,142.53819379010648,141.57727063194355,99.32584864967637,0,5.0000000000000036
span-proportional 1.1 %,189.13769777092884,305.97911727321,142.29059857385064,207.6822367943135,2788.921869546447,3366.991715648287,FLP_min,173.87263638681736,172.96237364398758,99.47647728719964,6,5.0
span-proportional 1.1 %,232.1058692650338,309.48014957280725,145.3225678702516,208.91561903769139,2894.475634786225,3272.1208681698035,WHP_min,143.80462672379207,142.93672922203228,99.39647456307037,0,5.0
span-proportional 1.1 %,196.85226368418938,321.9211798757521,147.72769257170506,213.49918690158424,2839.571672397749,3310.991926755077,FLP_min,167.3922958635355,166.36926034170813,99.38883954213676,0,5.0
span-proportional 1.1 %,198.39043305184214,306.94117717964235,151.03065339053592,203.97029002734044,2922.4551041286095,3290.5972593478164,BHP_min,149.48774577126866,148.51596336864063,99.34992504060168,0,5.0
span-proportional 1.1 %,220.40157787350887,317.04552425705197,150.13835191515633,213.43125163447758,2783.9976902938824,3272.4723318813194,WHP_min,154.16531913574585,153.1779445110681,99.35953518585568,0,5.0
span-proportional 1.1 %,187.31413328011837,302.2931706275465,146.36924094414962,202.48596727928407,2911.433586018698,3253.391579582032,BHP_min,152.04519596221058,150.73925475190816,99.14108354293087,0,5.0
span-proportional 1.1 %,202.47641830409145,314.19611914165705,133.661132027073,205.33859329275936,2794.5582871056904,3292.274215950209,WHP_min,168.36946305098542,167.36006505172725,99.40048629901938,0,5.0
span-proportional 1.1 %,235.6122636437155,312.5152609892948,140.4345976504288,209.1676167865126,2882.8283713497012,3349.041481739153,WHP_min,140.48863528651384,139.3624935624374,99.19841080256793,0,5.0
span-proportional 1.1 %,185.08553803344083,317.45707737104067,154.43694399591902,211.93352549215174,2867.7068503878704,3269.585958735184,FLP_min,158.53037749509798,157.58930290637826,99.40637586083537,3,5.0
span-proportional 1.1 %,185.02441943380674,309.69161079317456,162.1023523786385,207.08926293250224,2929.0947814295296,3318.951242991554,FLP_min,147.1275105459773,146.11567791664754,99.31227502893584,0,5.0
span-proportional 1.1 %,225.30708639360762,314.5538152706892,153.34809045729534,204.7576891500077,2927.973052727341,3289.8562103104873,BHP_min,148.1905882310845,147.053724377149,99.23283666830264,0,5.0
span-proportional 1.1 %,180.3706097270567,321.63497358350526,152.0641785297832,209.85352174888516,2887.483000462665,3337.9396316527723,BHP_min,157.5478633809813,156.1685429911592,99.12450707980301,0,5.0
span-proportional 1.1 %,186.91673718471085,320.0761116714015,125.2639409512282,202.7426431843205,2834.17568103907,3306.7554070612982,BHP_min,169.88923429964765,168.45647255883085,99.15664948004316,0,5.0
span-proportional 1.1 %,187.13790974487105,312.8087281211966,149.9446897449337,205.66195147298652,2891.699896657342,3284.6383143067414,BHP_min,156.5577073434215,155.3444285999052,99.22502777786923,0,5.0000000000000036
span-proportional 1.1 %,188.6295163362554,322.4669953346546,151.7491251904822,206.44056039942143,2777.3534569635426,3349.5525608993466,FLP_min,162.1662684773797,161.29915800459082,99.46529541505123,6,5.0
span-proportional 1.1 %,224.99734499557286,304.91827959623475,152.57206947720738,205.3345562957268,2933.023722977937,3362.730953141259,BHP_min,147.04539452486102,145.79675098244937,99.15084484866301,0,5.000000000000002
span-proportional 1.1 %,196.42387021400378,328.1407895891341,126.00931024418539,202.772360217176,2798.380594229427,3359.8120125054825,WHP_min,172.80540443317972,171.66070077507928,99.33757647114383,0,5.0
span-proportional 1.1 %,211.57008183009728,313.93126223682196,133.90133355088733,211.34700665539418,2773.4212816103186,3287.1011830607285,WHP_min,161.43279173498667,160.47277875981814,99.40531724388158,0,5.0000000000000036
span-proportional 1.1 %,228.38161917449855,313.53142393398275,160.07270946398435,209.02496156348383,2907.9089293916763,3278.110490939368,WHP_min,147.2095777967572,146.30414838986619,99.38493852068437,0,5.0000000000000036
span-proportional 1.1 %,198.973312060588,311.3011815540205,144.7679682352814,207.08700536716296,2914.4932315164942,3275.978579786806,BHP_min,151.3308481129259,150.25503815809873,99.28910069014852,0,5.0
span-proportional 1.1 %,231.08915487777912,326.6713888243023,128.0207614224439,200.14085554431773,2808.550594563907,3310.1117151642347,WHP_min,144.7262667336088,143.61968368786376,99.23539584712574,0,5.0000000000000036
span-proportional 1.1 %,238.22696440491043,302.1422579116045,156.25221060913205,207.13137430381593,2775.9747049546268,3304.912046300599,WHP_min,137.88623242959164,137.01896470058153,99.37102659654366,0,5.0
span-proportional 1.1 %,202.85408442485465,307.3071750090644,136.77455030095518,206.29878246803864,2942.4522789829507,3318.8290853472377,BHP_min,144.8097560509357,143.90109875890798,99.37251652319053,0,5.0
span-proportional 1.1 %,237.00810072673903,300.91596214750666,127.64441034292878,200.41723859295905,2883.1889276524707,3283.034903667069,WHP_min,139.10629238176958,138.3472541957838,99.45434662013517,0,5.0
span-proportional 1.1 %,214.5852108775829,323.86098406816274,138.27255674634014,203.6851623906363,2895.081717428115,3321.3846689949355,BHP_min,155.79080480738895,154.333306704037,99.06445177868237,0,5.0
span-proportional 1.1 %,188.95260876295805,302.62335352409065,154.4867000455768,212.90618502318387,2928.0724156567026,3326.5133511227054,BHP_min,148.1905882310845,147.01163413174706,99.20443388921636,0,5.0
span-proportional 1.1 %,189.20727398187884,306.76972236835434,143.1409555608374,212.7778606040842,2880.0394837670538,3291.1310435429987,BHP_min,159.28100234620945,157.85837506254083,99.10684434256859,0,5.0
span-proportional 1.1 %,225.35631849343076,313.0632052596183,164.3105578077666,206.43090706227207,2917.4392697807093,3252.181244704153,FLP_min,143.6364132298381,142.45251418105286,99.1757667696068,0,5.0
span-proportional 1.1 %,223.09327590559008,311.95435328354733,144.96037231959338,202.98238700548367,2935.9023027453977,3279.946752007178,BHP_min,146.38670822875943,145.28265500449854,99.24579680927343,0,5.0000000000000036
span-proportional 1.1 %,213.6952022445086,317.9203687073041,159.33773709198047,206.99999809528416,2915.97825623219,3328.5844846340356,BHP_min,150.93232469940605,149.66174625553242,99.1581800343935,0,5.0
span-proportional 1.1 %,237.38007956535714,321.49823501196806,161.4842104393606,214.1354079846298,2910.4492312636116,3268.355131989326,WHP_min,138.75870554209325,137.76577144796602,99.28441672164055,0,5.0000000000000036
span-proportional 1.1 %,187.46571589406096,318.4872525089115,135.84826731047863,205.77728486339407,2784.7656353247253,3364.325749459058,WHP_min,179.13383061608252,177.98457381206114,99.35843676201819,0,5.000000000000007
span-proportional 1.1 %,231.26986221873284,303.98413881192863,145.67339747056138,205.9251939499638,2908.00306359616,3319.7488450263218,WHP_min,144.55914017452997,143.67361989544233,99.38743390558457,0,5.0
span-proportional 1.1 %,223.84854294889038,316.9831162973822,164.12992456078192,206.2944961392192,2947.5341739320147,3312.31578749397,BHP_min,143.6364132298381,142.68792211603844,99.33965831332621,2,5.0
span-proportional 1.1 %,190.96011908344852,323.4624318131223,135.86876009412634,208.48632096252584,2879.2030159782653,3279.9515887229513,BHP_min,159.43059268590295,158.15270821536384,99.19846972340076,0,5.0000000000000036
span-proportional 1.1 %,182.0644161406815,329.6110003067987,157.69560572311624,201.85557882439215,2919.5938860246315,3288.7195302627415,BHP_min,150.1316978326221,149.10080489929604,99.3133409211988,0,5.0
span-proportional 1.1 %,194.83708442329956,323.1784905114949,155.29448049428487,212.6893601589806,2777.330401577332,3362.1379262837627,FLP_min,157.32004668241748,156.31010653784293,99.3580346777971,1,5.0
span-proportional 1.1 %,208.18943245639235,309.77650224382154,154.3721151019563,212.677146214373,2814.4921515126343,3273.221733499069,FLP_min,158.6056410155338,157.7404677195082,99.45451290982717,4,5.0000000000000036
span-proportional 1.1 %,239.50108310003327,327.5756996771369,136.59364599264148,212.216214619995,2767.938644443277,3386.881886118048,WHP_min,136.5681248751931,135.46596870034793,99.1929623579057,0,5.0
span-proportional 1.1 %,226.47913411590022,305.9058934428158,136.82748987990797,208.933322822615,2821.1515328462788,3360.435072392118,WHP_min,148.92176113698508,148.02304735511146,99.39651950459616,0,5.0
span-proportional 1.1 %,215.54177216063962,306.2108595770397,149.40438039535903,200.21088627723367,2772.349563060609,3274.1811725659977,WHP_min,158.22887512598058,157.10918754209632,99.29236204011893,0,5.0
span-proportional 1.1 %,201.22066272116484,300.35729215023053,162.19630094654713,203.59263433208392,2804.1277100890115,3306.346348855788,FLP_min,147.04539452486102,146.1001484279372,99.35717395299721,5,5.0
span-proportional 1.1 %,236.4443229437065,310.5545798744411,142.2453142481839,204.47760908753673,2945.2490070103586,3304.7285837300874,WHP_min,139.62617113588234,138.8080973188397,99.41409707765567,0,5.0
span-proportional 1.1 %,185.01224525937792,319.7394718271723,153.66419682861905,205.5836153629253,2792.2770310899773,3311.387717677537,FLP_min,159.58000543959602,158.91497102811076,99.5832595633436,8,5.0
span-proportional 1.1 %,206.34409263074184,329.85899410163586,159.33741302216748,209.31363347629926,2788.7835895736507,3353.187178208355,FLP_min,151.41041000166268,150.52324543836434,99.41406633580307,0,5.0
span-proportional 1.1 %,225.5399401369238,302.26166216083044,140.17946066808628,204.90271696318715,2864.0862645222933,3347.9579827552434,WHP_min,149.72958814190554,148.86957797701717,99.42562443698617,0,5.0
span-proportional 1.1 %,190.8832673033017,314.0897830834114,164.68671546143577,200.2377895884106,2824.1987223658075,3300.1468695784456,FLP_min,142.9615779296903,142.39918596566622,99.60661320882967,0,5.0
span-proportional 1.1 %,204.33498120135297,326.07581146574046,142.53220153197896,213.24617002243997,2865.1079686060475,3313.692654240195,BHP_min,162.74994346363363,161.19411696775472,99.04403868734582,0,5.0
span-proportional 1.1 %,195.13818525946473,324.7084156596489,150.768020720131,203.18339104823238,2776.014098691017,3268.8146992979728,FLP_min,163.47568392564924,162.62401787109627,99.47902585014398,0,5.0000000000000036
span-proportional 1.1 %,234.54431777095832,312.10174612788177,157.81231177443823,213.43043139139667,2795.266609558857,3254.885852472192,WHP_min,141.5170015144484,140.426730327869,99.22958289469686,0,5.0000000000000036
span-proportional 1.1 %,190.82016519274097,323.1893611698332,125.61652704484648,208.46198090026792,2788.2533531176095,3364.999102357035,WHP_min,176.82411045043182,175.6590413637203,99.34111412536237,0,5.0
span-proportional 1.1 %,208.7625417857673,316.47239817230303,136.73633027601133,206.84867755547205,2759.1425205891596,3371.427947060488,WHP_min,163.62032110261217,162.5931084437797,99.37219738238487,0,5.0000000000000036
span-proportional 1.1 %,234.44993540256803,322.579425591551,144.82489089791406,212.6567652416604,2750.764175159831,3349.893611048232,WHP_min,141.60237462020243,140.50243887770728,99.22322224789993,0,5.000000000000002
span-proportional 1.1 %,226.043155038933,309.7996871157681,159.26286763775911,200.00285002411016,2876.4240422877274,3295.153597147092,WHP_min,149.326276895208,148.30932844993941,99.3189755571404,0,5.0
span-proportional 1.1 %,217.71767542560914,307.54075978650883,133.39119480347796,209.39240580208303,2849.386964123236,3278.092103246355,WHP_min,156.40469289449632,155.51536998338457,99.43139627420793,0,5.0000000000000036
span-proportional 1.1 %,233.17049579473806,326.47159985962077,146.98273620117936,210.5914404130559,2840.277347010707,3370.21650465563,WHP_min,142.7923732149616,141.68750512930646,99.22624152762567,0,5.0
span-proportional 1.1 %,230.03137477686147,322.924790978516,134.72595357125806,200.36732690296975,2881.6506156582623,3311.6886541725144,WHP_min,145.72488934092453,144.65393275961995,99.26508327702409,0,5.0000000000000036
span-proportional 1.1 %,233.65565070683428,325.79542582640124,146.35008375980954,205.6616622598327,2892.597908185071,3356.4054543268608,WHP_min,142.36849245538144,141.33326835908892,99.27285589779146,0,5.0
span-proportional 1.1 %,220.93697358828086,325.27272163021007,148.09274340979306,207.74065219760308,2853.38162672148,3383.347098702902,WHP_min,153.6971343893314,152.6606211964976,99.32561319574884,0,5.0000000000000036
span-proportional 1.1 %,202.00506800565768,325.25747579431214,145.19558255032717,201.2800842615399,2839.796397462519,3293.679459646881,BHP_min,168.57783400579996,167.4052230606656,99.3044097689059,0,5.0000000000000036
span-proportional 1.1 %,211.6731026798304,325.59929566006184,132.1782210888183,207.12836936438035,2866.500450347038,3365.473046725123,WHP_min,161.3592055421582,160.19920798749172,99.28110853621958,0,5.000000000000002
span-proportional 1.1 %,236.45861775008248,316.5182364370523,161.86472075449515,205.0483844351831,2902.863954263532,3364.55881874766,WHP_min,139.62617113588234,138.5848398157712,99.2542004757133,0,5.0
span-proportional 1.1 %,213.07673884627664,305.2136615618247,140.448171826411,204.3627517735884,2943.375723853017,3346.693369146319,BHP_min,144.64272811372726,143.37828219068024,99.12581438449305,0,5.0
span-proportional 1.1 %,234.5422702057195,308.88479308903163,142.15760234343153,208.51058488547844,2820.945636678062,3318.4749440730925,WHP_min,141.5170015144484,140.44567603567486,99.2429704789469,0,5.0
span-proportional 1.1 %,215.95842343206786,300.8485792305173,138.592446195887,200.00332549565448,2846.5075244003347,3341.200099762066,WHP_min,157.85098605943745,156.99351209236667,99.45678263501762,0,5.0
span-proportional 1.1 %,185.57942760394005,307.2628320643439,157.15967284236055,212.60422339774397,2827.546650854073,3372.133559581184,FLP_min,154.63182733915738,153.32002365323655,99.15165997292159,0,5.0
span-proportional 1.1 %,196.62841518192857,321.18324666940447,146.8182649462846,206.60148618353995,2881.2884552347555,3252.0086018645784,BHP_min,158.98128783627212,157.83471986935174,99.27880319594519,0,5.0
span-proportional 1.1 %,189.7466065625013,308.8147039316387,152.2225043907839,210.59352970042062,2886.1521648372054,3365.1425659845613,BHP_min,157.85098605943745,156.46633027663384,99.12280827800326,0,5.000000000000002
span-proportional 1.1 %,184.7730936608241,303.1766672524606,159.21404641048457,205.35256629441702,2863.674258096702,3325.525420860012,FLP_min,151.56939119251,150.72049602690814,99.43992968572151,0,5.0
span-proportional 1.1 %,217.59975428025749,302.3084013368386,155.7916090546566,201.8510349224473,2886.274892366807,3310.3213148726068,WHP_min,156.5577073434215,155.62664386227314,99.40529054944194,2,5.0
span-proportional 1.1 %,209.5356981637283,320.15081203082235,139.84011002782546,200.69056207027208,2942.842310344321,3328.4015349111874,BHP_min,144.7262667336088,143.51822629994123,99.16529289331345,0,5.0
span-proportional 1.1 %,224.52867846365166,315.93884501172516,157.7874761067989,208.46924268631588,2774.5513756774394,3346.2859846983706,WHP_min,150.61264766727385,149.65513193858425,99.36425277457117,0,5.0
span-proportional 1.1 %,190.36444016621905,324.7096240504988,152.2424640189126,214.09712957214663,2875.816157908302,3283.7744646182155,BHP_min,160.25017244044162,159.066327724323,99.26125214214132,0,5.0
span-proportional 1.1 %,213.428252749517,323.1531683087969,153.47553190100305,205.13445059002228,2881.0702301207607,3390.2903591951613,BHP_min,159.05628327613945,157.5147923969826,99.030851942843,0,5.0
span-proportional 1.1 %,221.08860258597213,311.01904206757405,161.43033321533713,212.41436289092258,2921.0367520534337,3266.026206503995,FLP_min,148.1905882310845,147.209472623523,99.33793662656122,0,5.0
span-proportional 1.1 %,197.44973001844127,323.7038340798061,135.99229983538737,201.10558903336783,2886.6532024945172,3369.8904934718557,BHP_min,157.77527310588601,156.49864449709472,99.19085634671377,0,5.0
span-proportional 1.1 %,218.50606848842187,310.3453000927501,147.39093275870195,200.32279927171192,2862.5323311506118,3378.5201762072616,WHP_min,155.79080480738895,154.76602350300394,99.34220681018242,0,5.0000000000000036
span-proportional 1.1 %,184.6831941008742,311.49958189643496,131.59454870105947,205.70011844949886,2752.601534674977,3374.1644379746717,WHP_min,181.02502695282843,179.93863880894347,99.39986853631677,0,5.0
span-proportional 1.1 %,209.77459862047607,313.07754196686835,149.07178862545805,212.75042306382352,2808.2521449648775,3290.127545860792,WHP_min,162.82270969306276,161.79082043136592,99.36624979178761,0,5.0
span-proportional 1.1 %,182.9696524627297,307.9919728119987,127.64847392819051,200.6233773076083,2860.5461124420735,3277.575233110533,BHP_min,163.76478864387232,162.48385899117278,99.21782352402684,0,5.0000000000000036
span-proportional 1.1 %,184.45546332392527,327.50144224240023,130.94935569882495,201.42246186085953,2944.1356116654406,3350.0450445852453,BHP_min,144.4755028997299,143.43271374204593,99.27822424095821,0,5.0
span-proportional 1.1 %,223.5452425001899,316.89611987460586,127.81558856480717,212.62815860618818,2833.6058008410514,3308.8701736564262,WHP_min,151.48992435282872,150.3732974709125,99.26290353191045,0,5.0
span-proportional 1.1 %,188.11855464026337,303.3965965749384,145.88983731641193,208.53115384353669,2853.737108549216,3341.968701693132,BHP_min,165.34281834424857,164.01442511313272,99.19658244342364,0,5.0
span-proportional 1.1 %,232.6586077852464,315.1261453483366,140.16590714799474,203.84859053870642,2811.369328490985,3334.121058003855,WHP_min,143.2993920716676,142.27140409915592,99.28262921590236,0,5.0
span-proportional 1.1 %,227.72234046998184,313.2336308979612,126.63049309234458,202.82231755614154,2768.130446684992,3300.0015121044667,WHP_min,147.78268470343426,146.7886055230459,99.3273371759464,0,5.0
span-proportional 1.1 %,221.06259948425657,317.7214419571461,151.48510359832963,206.8189269638069,2771.9561073902214,3294.4383932559012,WHP_min,153.61894016172238,152.6354943585811,99.3598147454305,0,5.0
span-proportional 1.1 %,210.657628735287,314.9149489521796,134.74645551531756,212.3795233725029,2836.662667197408,3376.818418774102,WHP_min,162.09311542915404,161.1178466213269,99.39832805036473,0,5.0
span-proportional 1.1 %,195.9295578198907,328.2581875761939,129.474293856049,211.53773735772134,2754.037290601944,3285.4480995312265,WHP_min,173.20673267049744,171.9987902835136,99.30260078903413,0,5.0
span-proportional 1.1 %,232.2331982586116,310.5031499943386,162.29917972235143,213.94125500934285,2910.038515378701,3309.4158173837222,WHP_min,143.6364132298381,142.65539068189338,99.3170098543362,0,5.0
span-proportional 1.1 %,231.49611020615865,313.7131301078646,130.0468878034251,212.7793755337877,2913.2493408843793,3270.3348160678456,WHP_min,144.39181627322412,143.20470559010303,99.17785459469893,0,5.0
span-proportional 1.1 %,231.99159101870748,315.56889159311254,154.74363034048704,204.0226403119949,2793.09229676433,3377.2469222361515,WHP_min,143.88865925057732,142.87994613084564,99.29896273619796,0,5.0
span-proportional 1.1 %,216.01282788351583,304.43116396825957,139.63480345006826,212.88553727332192,2843.6567163428294,3300.527934341859,WHP_min,157.85098605943745,156.8658686613258,99.37591938909985,0,5.0
span-proportional 1.1 %,200.45723189304186,324.739326067019,143.1719611015916,214.22530254102088,2812.440030180315,3363.472049375363,WHP_min,169.88923429964765,168.70090075730732,99.30052451690707,0,5.0
span-proportional 1.1 %,197.14232956144116,323.0351640592745,125.7039190590922,201.94731472342374,2801.8513813059058,3380.513794694715,WHP_min,172.33548194488938,171.15263377766533,99.3136363133842,0,5.000000000000007
span-proportional 1.1 %,199.34990258079557,314.5057662360245,129.28178080178955,208.50017429029504,2769.1989067886766,3271.2403506734686,WHP_min,170.71019553762034,169.68093610909008,99.39707208155389,0,5.0000000000000036
span-proportional 1.1 %,228.05834371146457,307.3173085872783,127.45014844365919,209.02737320352915,2779.300031204136,3257.92250856157,WHP_min,147.53735950435816,146.55182337971547,99.33200910741962,0,5.0
span-proportional 1.1 %,229.83313899172893,311.9154846286248,159.6190030428695,211.16047202079335,2790.1928059979896,3262.721694382899,WHP_min,145.89063827284974,145.0400434226424,99.41696406275466,0,5.0
span-proportional 1.1 %,190.2814351444184,314.8374049340153,139.30992558290396,212.47973064753594,2843.848168610715,3333.2124550665735,BHP_min,167.6722913097244,166.166371877465,99.10186744601846,0,5.0
span-proportional 1.1 %,203.2471346674441,322.6470101509498,152.55759165144696,210.28658501112835,2904.3188776804777,3309.7909193075657,BHP_min,153.61894016172238,152.31381281064017,99.1504124753704,0,5.0
span-proportional 1.1 %,187.14515047438573,324.53800332444763,138.82089942244295,210.37643924084688,2947.6931818749135,3355.264260316718,BHP_min,143.6364132298381,142.44125372787786,99.16792721630566,0,5.000000000000002
span-proportional 1.1 %,234.40114386787533,300.40064845903464,149.1486987941368,201.45984038282276,2924.500926164888,3394.0371629546926,WHP_min,141.60237462020243,140.69957150528205,99.36243787059234,0,5.0
span-proportional 1.1 %,182.049214652141,303.99784051106724,158.31044140597584,210.30329640484425,2946.331555317202,3363.4763792278654,BHP_min,143.97264231708976,142.77196098430647,99.16603507898475,0,5.0
span-proportional 1.1 %,215.65140447147405,316.17729761119676,125.39469438830062,211.75722056324443,2826.8003572815373,3265.9979799272655,WHP_min,158.15338729766822,157.0692909578833,99.31452853567754,0,5.0
span-proportional 1.1 %,212.81008782676443,311.0988822033525,149.23431819809952,200.2500819008336,2782.995222315024,3330.9746394727854,WHP_min,160.39861330400146,159.44954573775925,99.40830687579358,0,5.0
span-proportional 1.1 %,216.5944449734385,302.4664247781848,150.45511501779768,212.61831722550664,2807.356725182386,3328.1996167960315,WHP_min,157.32004668241748,156.27126396878177,99.33334451918077,0,5.0
span-proportional 1.1 %,234.36715649538888,321.088790557373,133.26889311833867,214.49739012497756,2818.415008792476,3373.6303661243396,WHP_min,141.68769791568172,140.4909847182836,99.1553866602376,0,5.0
span-proportional 1.1 %,207.1510485434096,323.69302686610484,161.83690696522996,213.54085000867417,2910.9204921308533,3298.4458496350157,FLP_min,147.53735950435816,146.59967848119646,99.36444502849191,0,5.0
span-proportional 1.1 %,234.75777986782796,304.6001932227624,135.40779906490715,209.6952983610736,2899.63622404839,3257.550442479331,WHP_min,141.26058322862485,140.36431670610276,99.36552256684972,0,5.0
span-proportional 1.1 %,196.1318503213314,311.0709964097932,158.88986097443677,200.02876036291656,2927.99911602841,3300.209583770244,BHP_min,148.1905882310845,147.16633659507903,99.30882814608424,0,5.0
span-proportional 1.1 %,216.99441322457056,328.0728236168504,127.4639417958957,208.17880181703862,2794.4434984099457,3355.3371229019604,WHP_min,157.0156565169865,155.86069800856146,99.26443099112215,0,5.000000000000002
span-proportional 1.1 %,229.06909978147488,307.3874833176158,159.39578285077778,202.66120205797176,2846.014453832502,3269.692391679818,WHP_min,146.55167309989864,145.5558293750537,99.32048286875161,0,5.0
