violating_intervals,worst_excursion_psi,rate_last30,offset,max_move,trial,scenario,gain_Q,gain_BHP,tau_Q,tau_BHP,worst_gain_err,worst_tau_err
0,0.0,150.17604279726223,0.18029771504916425,5.0,0,B,1.0821770123928727,0.7099165813171174,1.3132702392002724,1.2294965609839985,0.29008341868288257,0.41275557727772183
0,0.0,164.90914524236834,-0.04058736544322983,5.0,0,C,1.0821770123928727,0.7099165813171174,1.3132702392002724,1.2294965609839985,0.29008341868288257,0.41275557727772183
0,0.0,149.9471791878088,-0.056523498593236354,5.0,1,B,1.0261749948792538,0.7016431001020889,1.3574042765875693,0.675655620602559,0.29835689989791114,0.46641442469453565
4,0.11877348704820179,164.64515525384707,-0.3275695443434188,5.0,1,C,1.0261749948792538,0.7016431001020889,1.3574042765875693,0.675655620602559,0.29835689989791114,0.46641442469453565
0,0.0,150.0426756298339,0.04424925802067037,5.0,2,B,1.2179073534099318,0.953612332718595,0.528319671145463,1.14718951157425,0.21790735340993184,0.47168032885453703
0,0.0,164.96189087615306,-0.15265745782463114,5.0,2,C,1.2179073534099318,0.953612332718595,0.528319671145463,1.14718951157425,0.21790735340993184,0.47168032885453703
0,0.0,150.00177189107427,0.002964179554595603,5.0,3,B,1.0692310668887524,1.2885012032657381,1.1855419844806947,0.8889214239791038,0.29832596147352675,0.18844673057094008
0,0.0,164.89396111012783,-0.1627821556563731,5.0,3,C,1.0692310668887524,1.2885012032657381,1.1855419844806947,0.8889214239791038,0.29832596147352675,0.18844673057094008
0,0.0,149.9464160175798,-0.05149950581309781,5.0,4,B,0.7810579030134467,0.8861451253353734,0.9858353588317891,0.8577951967090702,0.21894209698655331,0.4340435159562497
0,0.0,164.9518087660341,-0.19600530515307923,5.0,4,C,0.7810579030134467,0.8861451253353734,0.9858353588317891,0.8577951967090702,0.21894209698655331,0.4340435159562497
0,0.0,149.85903375312253,-0.1373436333900031,5.0,5,B,1.0429178984378566,0.90274673530428,0.8916190005281612,1.1231871446860424,0.10687836535443473,0.3902743520047922
0,0.0,165.03346280001008,-0.269053276484442,5.0,5,C,1.0429178984378566,0.90274673530428,0.8916190005281612,1.1231871446860424,0.10687836535443473,0.3902743520047922
0,0.0,150.11389552711776,0.11427555304504722,5.0,6,B,0.7504092061494309,0.8436216657957712,1.376484230810704,0.6502794668948391,0.24959079385056915,0.44143196519480565
11,1.0179402054754974,165.03499286935846,-0.03428879745857216,5.0,6,C,0.7504092061494309,0.8436216657957712,1.376484230810704,0.6502794668948391,0.24959079385056915,0.44143196519480565
0,0.0,150.0059387053924,0.009532383254480692,5.0,7,B,0.9702036199895722,0.7312127806386457,0.9045518398215282,1.0803323859868508,0.2687872193613543,0.4092469543808781
0,0.0,164.7825264193892,-0.32624280740006384,5.0,7,C,0.9702036199895722,0.7312127806386457,0.9045518398215282,1.0803323859868508,0.2687872193613543,0.4092469543808781
0,0.0,149.92473055658053,-0.06794348298990371,5.0,8,B,0.8792176796913536,1.2652678663038988,0.8651101682448286,1.4271545530678673,0.26526786630389876,0.4271545530678673
0,0.0,163.8737209700897,-0.16713790038451748,5.0,8,C,0.8792176796913536,1.2652678663038988,0.8651101682448286,1.4271545530678673,0.26526786630389876,0.4271545530678673
0,0.0,149.99438347938383,-0.008994248243197944,5.0,9,B,0.9642262928294704,0.9551371749094453,1.1202134520153777,0.9600451393090961,0.27275429621444225,0.495096505235324
0,0.0,164.98941596154236,-0.11978062616995544,5.0,9,C,0.9642262928294704,0.9551371749094453,1.1202134520153777,0.9600451393090961,0.27275429621444225,0.495096505235324
0,0.0,150.01724154559412,0.014730316793276188,5.0,10,B,1.154637307184975,1.1714714204282846,0.9146558493556708,1.4320596866133783,0.17147142042828456,0.43205968661337835
0,0.0,164.08286610505974,-0.08440607115176135,5.0,10,C,1.154637307184975,1.1714714204282846,0.9146558493556708,1.4320596866133783,0.17147142042828456,0.43205968661337835
0,0.0,149.83303526807774,-0.16848845713928995,5.0,11,B,0.7689595799685431,1.2807557139547878,0.5147063049653693,1.4572101796109636,0.2807557139547878,0.4852936950346307
0,0.0,163.6498366049709,-0.1066160084845933,5.0,11,C,0.7689595799685431,1.2807557139547878,0.5147063049653693,1.4572101796109636,0.2807557139547878,0.4852936950346307
0,0.0,149.96430961675375,-0.035256165578744,5.0,12,B,0.7892584073394987,1.1934242965258424,0.9799879238078322,1.4235301597834695,0.28357728829377304,0.42353015978346953
0,0.0,164.0898552012094,-0.10076622917733857,5.0,12,C,0.7892584073394987,1.1934242965258424,0.9799879238078322,1.4235301597834695,0.28357728829377304,0.42353015978346953
0,0.0,149.94884241073973,-0.05143305369017526,5.0,13,B,0.8596781633753755,1.258610389588693,0.5405107111884346,0.5283653651135211,0.2586103895886931,0.47163463488647894
0,0.0,164.91311544900938,-0.2526648227716066,5.0,13,C,0.8596781633753755,1.258610389588693,0.5405107111884346,0.5283653651135211,0.2586103895886931,0.47163463488647894
0,0.0,150.08352051343311,0.07801130404055812,5.0,14,B,1.1315318636960443,1.0076552339572469,1.4291042207970062,0.5666900087671014,0.2904049622858569,0.43391750327592526
0,0.0,164.80233622346745,-0.09251415700992993,5.0,14,C,1.1315318636960443,1.0076552339572469,1.4291042207970062,0.5666900087671014,0.2904049622858569,0.43391750327592526
0,0.0,150.04848748731007,0.05128335610640988,5.0,15,B,0.9065859872824751,1.0373391053370742,0.7588645931709322,0.7258694284173244,0.27963724847044213,0.38811832065917984
0,0.0,164.89385040510686,-0.13124962570509524,5.0,15,C,0.9065859872824751,1.0373391053370742,0.7588645931709322,0.7258694284173244,0.27963724847044213,0.38811832065917984
0,0.0,149.9180009936867,-0.08200888201685075,5.0,16,B,0.7747328235011701,1.0324543013039607,1.3097107759127777,0.9128963426808927,0.22526717649882988,0.30971077591277774
0,0.0,164.99188641548983,-0.21885101080468417,5.0,16,C,0.7747328235011701,1.0324543013039607,1.3097107759127777,0.9128963426808927,0.22526717649882988,0.30971077591277774
0,0.0,150.03955508955158,0.04389552498886928,5.0,17,B,1.1908725825825464,0.9216426466550085,1.0526115105212872,0.6454735381865317,0.27544658561846536,0.35452646181346825
0,0.0,165.02134215702958,-0.17629533955818033,5.0,17,C,1.1908725825825464,0.9216426466550085,1.0526115105212872,0.6454735381865317,0.27544658561846536,0.35452646181346825
0,0.0,149.9573086429296,-0.03767744803477058,5.0,18,B,0.943906202048876,1.1936237681089013,0.9153840373712246,0.8650461577582707,0.27415986685907756,0.49004543919270804
0,0.0,165.12264069669584,-0.16685199596454936,5.0,18,C,0.943906202048876,1.1936237681089013,0.9153840373712246,0.8650461577582707,0.27415986685907756,0.49004543919270804
0,0.0,150.2282377608303,0.22548888422474533,5.0,19,B,0.7471780222993839,1.1215912423958718,1.4438014269420907,0.5594641516003385,0.2528219777006161,0.4438014269420907
12,1.158506831654904,164.79792216208244,0.07381750970134249,5.0,19,C,0.7471780222993839,1.1215912423958718,1.4438014269420907,0.5594641516003385,0.2528219777006161,0.4438014269420907
0,0.0,149.85332592331432,-0.1477931154321368,5.0,20,B,0.9284623049865337,1.2858773931616267,1.2756911881018285,1.3631202041893178,0.28587739316162675,0.3631202041893178
0,0.0,164.06431965912782,-0.2692654603704341,5.0,20,C,0.9284623049865337,1.2858773931616267,1.2756911881018285,1.3631202041893178,0.28587739316162675,0.3631202041893178
0,0.0,149.97564502700354,-0.03252674571615444,5.0,21,B,1.2287843036426138,1.2969504088965507,0.8159435453677002,1.312335398111254,0.29695040889655067,0.3800981213040697
0,0.0,164.26158874563072,-0.176713574489213,5.0,21,C,1.2287843036426138,1.2969504088965507,0.8159435453677002,1.312335398111254,0.29695040889655067,0.3800981213040697
0,0.0,149.93585319363638,-0.05879812889102709,5.0,22,B,1.1007336433428108,1.1489491019810525,1.3607014095476777,1.170061849314936,0.27504817906677115,0.3607014095476777
0,0.0,164.7726291925742,-0.11414836007432427,5.0,22,C,1.1007336433428108,1.1489491019810525,1.3607014095476777,1.170061849314936,0.27504817906677115,0.3607014095476777
0,0.0,149.94044329899958,-0.05418257855836828,5.0,23,B,1.1287711219928518,1.2461534597296329,1.0614007675502228,1.0260222486178752,0.24615345972963287,0.3058702271092064
0,0.0,164.87667356408556,-0.2508742988935353,5.0,23,C,1.1287711219928518,1.2461534597296329,1.0614007675502228,1.0260222486178752,0.24615345972963287,0.3058702271092064
0,0.0,150.09744413566756,0.09547898196413485,5.0,24,B,1.0140608364369519,1.0428373602734646,0.5064088826643102,1.0898700283209504,0.28916561587602363,0.49359111733568983
0,0.0,164.8927734661802,-0.03967586109709487,5.0,24,C,1.0140608364369519,1.0428373602734646,0.5064088826643102,1.0898700283209504,0.28916561587602363,0.49359111733568983
0,0.0,150.07165969953738,0.06269557390231739,5.0,25,B,0.891808981769599,0.817064439074083,1.0776878925178592,0.5722652655298768,0.1874953705633291,0.4624230931243809
0,0.0,164.87405316993292,-0.23945024323955977,5.0,25,C,0.891808981769599,0.817064439074083,1.0776878925178592,0.5722652655298768,0.1874953705633291,0.4624230931243809
0,0.0,150.07868538067936,0.07833510300599755,5.0,26,B,0.9999836941951711,0.9328400390707116,0.5628954984549713,0.8950917083579676,0.19366395571520478,0.43710450154502867
0,0.0,164.87094996008872,-0.22817696898383133,5.0,26,C,0.9999836941951711,0.9328400390707116,0.5628954984549713,0.8950917083579676,0.19366395571520478,0.43710450154502867
0,0.0,149.96398112086436,-0.04212929115266206,5.0,27,B,1.2241135786724393,1.1595502706433234,1.415323960111766,0.5703262535692181,0.24757316018453146,0.42967374643078193
7,0.3425733264889459,164.73496641843647,-0.08133018763570021,5.0,27,C,1.2241135786724393,1.1595502706433234,1.415323960111766,0.5703262535692181,0.24757316018453146,0.42967374643078193
0,0.0,149.90023359078796,-0.10234099861173718,5.0,28,B,1.2213125766083917,0.7981260497178881,1.1737334377272737,0.9603553288673248,0.22131257660839165,0.21087986326594477
0,0.0,165.05377269902903,-0.2907102626655558,5.0,28,C,1.2213125766083917,0.7981260497178881,1.1737334377272737,0.9603553288673248,0.22131257660839165,0.21087986326594477
0,0.0,149.80633397968788,-0.19670001748832533,5.0,29,B,1.0044819163267162,1.0472551019941014,0.6972349472958685,1.4886953333678197,0.24435271468597164,0.4886953333678197
0,0.0,164.34318090528498,-0.2684668458777537,5.0,29,C,1.0044819163267162,1.0472551019941014,0.6972349472958685,1.4886953333678197,0.24435271468597164,0.4886953333678197
0,0.0,149.9437048488752,-0.055898198936944254,5.0,30,B,0.8097659948054312,0.9887562979451612,1.3135340641796356,1.413690762707389,0.27781148407456024,0.4136907627073889
0,0.0,164.50808121661242,-0.10302900640337498,5.0,30,C,0.8097659948054312,0.9887562979451612,1.3135340641796356,1.413690762707389,0.27781148407456024,0.4136907627073889
0,0.0,150.0560804581896,0.060556190239879015,5.0,31,B,0.7391622498467748,0.8953273696604227,1.4940267712099842,0.9226283964247812,0.2608377501532252,0.4940267712099842
0,0.0,164.85451325105123,-0.10989926732693789,5.0,31,C,0.7391622498467748,0.8953273696604227,1.4940267712099842,0.9226283964247812,0.2608377501532252,0.4940267712099842
0,0.0,149.9007674802209,-0.09467825208889735,5.0,32,B,1.2265173435230778,1.1734927742230876,1.2991963797161148,0.7253284418756651,0.2479110766710635,0.2991963797161148
0,0.0,164.8554701707571,-0.2283582719457229,5.0,32,C,1.2265173435230778,1.1734927742230876,1.2991963797161148,0.7253284418756651,0.2479110766710635,0.2991963797161148
0,0.0,150.05148185435215,0.04393641308098495,5.0,33,B,0.9173847702907414,0.7675681993243343,0.9069478006393061,1.351875912234257,0.2324318006756657,0.4996993098930771
0,0.0,164.88258007630384,-0.045765340118407494,5.0,33,C,0.9173847702907414,0.7675681993243343,0.9069478006393061,1.351875912234257,0.2324318006756657,0.4996993098930771
0,0.0,150.08437229895918,0.08634674435589318,5.0,34,B,0.7833590074721185,1.2890969937230763,1.3437905623687267,1.4739844048523552,0.2890969937230763,0.4796887085096566
0,0.0,163.5363477944988,-0.02952860172044325,5.0,34,C,0.7833590074721185,1.2890969937230763,1.3437905623687267,1.4739844048523552,0.2890969937230763,0.4796887085096566
0,0.0,149.85641463030436,-0.1378103599447229,5.0,35,B,1.0022061875203474,0.9856882431812518,1.363786241097085,1.2676522699834736,0.24830260060389775,0.3637862410970849
0,0.0,164.81563686332018,-0.3229453831445426,5.0,35,C,1.0022061875203474,0.9856882431812518,1.363786241097085,1.2676522699834736,0.24830260060389775,0.3637862410970849
0,0.0,149.7920305046438,-0.20458768178275477,5.0,36,B,1.0424108715156994,0.7442446080386835,0.9761669632169956,1.0863003535907843,0.25575539196131647,0.08630035359078425
0,0.0,164.81373678009913,-0.38432248836005556,5.0,36,C,1.0424108715156994,0.7442446080386835,0.9761669632169956,1.0863003535907843,0.25575539196131647,0.08630035359078425
0,0.0,149.95734650199398,-0.040242953541820725,5.0,37,B,0.7736143961056441,1.194268815035663,1.3968012322637597,1.2114868241177579,0.26026134597410566,0.4597817790953993
0,0.0,164.79056286625286,-0.14052913716665216,5.0,37,C,0.7736143961056441,1.194268815035663,1.3968012322637597,1.2114868241177579,0.26026134597410566,0.4597817790953993
0,0.0,149.79813383933075,-0.2024925089125702,5.0,38,B,1.041415512558015,1.1879464572185154,1.4970102930724918,0.8916747994539028,0.1955743333022395,0.4970102930724918
0,0.0,165.06993725771827,-0.2889837109220821,5.0,38,C,1.041415512558015,1.1879464572185154,1.4970102930724918,0.8916747994539028,0.1955743333022395,0.4970102930724918
0,0.0,149.92241634963233,-0.07647437529615786,5.0,39,B,1.1518299939194059,0.7764150831530026,1.2261235109339803,1.3629499985831945,0.22358491684699744,0.36294999858319454
0,0.0,164.91629034620794,-0.20935873035020336,5.0,39,C,1.1518299939194059,0.7764150831530026,1.2261235109339803,1.3629499985831945,0.22358491684699744,0.36294999858319454
0,0.0,149.8048643688158,-0.18526835055754987,5.0,40,B,1.0386476926723565,0.7516074616366015,1.1961544503408927,1.174798649967279,0.24839253836339847,0.3245902500149189
0,0.0,164.7594826023768,-0.38571813717993564,5.0,40,C,1.0386476926723565,0.7516074616366015,1.1961544503408927,1.174798649967279,0.24839253836339847,0.3245902500149189
0,0.0,149.9307694266415,-0.07314861924234606,5.0,41,B,0.9176931705177617,0.8195790044076916,1.0121736578377352,1.383418733633562,0.26620665913751274,0.47598679932865073
0,0.0,164.79889023082245,-0.14519053108367075,5.0,41,C,0.9176931705177617,0.8195790044076916,1.0121736578377352,1.383418733633562,0.26620665913751274,0.47598679932865073
0,0.0,149.92865159948585,-0.06769543444693227,5.0,42,B,1.1735485289516059,1.034648549572784,0.5121465261136126,1.1460450235663548,0.17354852895160588,0.48785347388638745
0,0.0,164.90239419174586,-0.15486305301067205,5.0,42,C,1.1735485289516059,1.034648549572784,0.5121465261136126,1.1460450235663548,0.17354852895160588,0.48785347388638745
0,0.0,150.09357013406142,0.09084171597581303,5.0,43,B,1.0668032105651206,1.0446268288587592,0.8941867660288976,0.652007902522537,0.25577014042527757,0.492023228581445
0,0.0,165.16768408512968,-0.13155491623862758,5.0,43,C,1.0668032105651206,1.0446268288587592,0.8941867660288976,0.652007902522537,0.25577014042527757,0.492023228581445
0,0.0,149.95871602531108,-0.03909962584134519,5.0,44,B,1.0539763555897184,0.8875573882607027,1.2159178469254943,0.7389437116912806,0.2180739514194684,0.4011080934228366
0,0.0,164.86764655551806,-0.2986540915107696,5.0,44,C,1.0539763555897184,0.8875573882607027,1.2159178469254943,0.7389437116912806,0.2180739514194684,0.4011080934228366
0,0.0,150.0196533239014,0.018934671049208873,5.0,45,B,1.1930752016381287,0.8536900128567354,0.572658348648321,0.6911102734600748,0.19307520163812875,0.48210857910302474
9,1.156548635494346,164.92909202755538,-0.10560679662035,5.0,45,C,1.1930752016381287,0.8536900128567354,0.572658348648321,0.6911102734600748,0.19307520163812875,0.48210857910302474
0,0.0,150.1465805841632,0.1505337177007675,5.0,46,B,1.2853197870560922,0.936795878242576,0.732311475285531,1.2257576850518699,0.2853197870560922,0.267688524714469
0,0.0,164.85546864180336,0.03798998773805806,5.0,46,C,1.2853197870560922,0.936795878242576,0.732311475285531,1.2257576850518699,0.2853197870560922,0.267688524714469
0,0.0,150.04703252928277,0.04537341324669342,5.0,47,B,0.7496851455378968,0.9560326862381446,0.5406175618727452,0.6625697247533182,0.2503148544621032,0.45938243812725477
0,0.0,164.83530808172844,-0.08430366689870539,5.0,47,C,0.7496851455378968,0.9560326862381446,0.5406175618727452,0.6625697247533182,0.2503148544621032,0.45938243812725477
0,0.0,150.00694112349296,0.003450094257374303,5.0,48,B,1.2112313994776651,0.980070111906558,1.3240018076499194,1.2575965858321236,0.21123139947766512,0.33694373642907083
0,0.0,164.81048399035708,-0.2563885301679818,5.0,48,C,1.2112313994776651,0.980070111906558,1.3240018076499194,1.2575965858321236,0.21123139947766512,0.33694373642907083
0,0.0,150.01691648288073,0.01922539430140091,5.0,49,B,1.1147628876643627,0.807437612549796,1.248224275081245,0.8967518871534252,0.24778446360412687,0.4133186768854572
0,0.0,164.99840699187277,-0.15176691468209924,5.0,49,C,1.1147628876643627,0.807437612549796,1.248224275081245,0.8967518871534252,0.24778446360412687,0.4133186768854572
0,0.0,149.9140883518685,-0.08813692648962501,5.0,50,B,0.8213008563852907,0.7029396489931453,0.8229208036639784,1.330694265517731,0.2970603510068547,0.4907447182412219
0,0.0,164.7763825071955,-0.12926479656621837,5.0,50,C,0.8213008563852907,0.7029396489931453,0.8229208036639784,1.330694265517731,0.2970603510068547,0.4907447182412219
0,0.0,150.05734491566272,0.057100359316336835,5.0,51,B,0.8038681822122793,1.1299079407394843,1.4805079751784862,1.3370470317200038,0.2750456011076352,0.48333470655342126
0,0.0,164.6007282856884,-0.06962742763627716,5.0,51,C,0.8038681822122793,1.1299079407394843,1.4805079751784862,1.3370470317200038,0.2750456011076352,0.48333470655342126
0,0.0,149.84875362374223,-0.1587718262396436,5.0,52,B,1.166948935661157,0.9138187278259429,1.028282440056993,0.6700785016148665,0.23309393214690033,0.3299214983851335
0,0.0,165.02417040584868,-0.3339339168646518,5.0,52,C,1.166948935661157,0.9138187278259429,1.028282440056993,0.6700785016148665,0.23309393214690033,0.3299214983851335
0,0.0,150.06129758733599,0.05998715219249107,5.0,53,B,1.0463187693919545,1.15629195919915,0.6098278860639089,1.1142014356679537,0.15629195919915007,0.3901721139360911
0,0.0,164.68308679065268,-0.056752336010873705,5.0,53,C,1.0463187693919545,1.15629195919915,0.6098278860639089,1.1142014356679537,0.15629195919915007,0.3901721139360911
0,0.0,149.80029012421008,-0.19575372083266984,5.0,54,B,1.1163907258878971,1.0120151543227887,0.9628678091292717,1.1953021060918183,0.13973164611522915,0.27084833000329345
0,0.0,164.9889121592074,-0.292443960750262,5.0,54,C,1.1163907258878971,1.0120151543227887,0.9628678091292717,1.1953021060918183,0.13973164611522915,0.27084833000329345
0,0.0,149.72914903193796,-0.2708582959275816,5.0,55,B,1.1174268116874746,1.1026904681736376,1.0312161232098263,0.9759448701003268,0.28310244996666745,0.3411753515449676
0,0.0,164.99728151157422,-0.44469181231468724,5.0,55,C,1.1174268116874746,1.1026904681736376,1.0312161232098263,0.9759448701003268,0.28310244996666745,0.3411753515449676
0,0.0,149.9860374366639,-0.016739399690749224,5.0,56,B,0.8549646400465221,1.2064665809434256,1.177798778095959,1.0634124736739898,0.20646658094342563,0.1777987780959589
0,0.0,164.79239059855902,-0.17969270310237562,5.0,56,C,0.8549646400465221,1.2064665809434256,1.177798778095959,1.0634124736739898,0.20646658094342563,0.1777987780959589
0,0.0,149.88692990732622,-0.11332690497360431,5.0,57,B,1.2619396500845763,1.2261597359974066,1.3947284968868683,1.1362836535994598,0.2619396500845763,0.4517344049981047
0,0.0,164.82076066535356,-0.25310989972416564,5.0,57,C,1.2619396500845763,1.2261597359974066,1.3947284968868683,1.1362836535994598,0.2619396500845763,0.4517344049981047
0,0.0,150.02649665383672,0.020142367997806332,5.0,58,B,1.1733070933809029,0.7705849451573195,1.0059726340651836,0.5751326948727836,0.22941505484268054,0.4248673051272164
0,0.0,164.96949027934286,-0.09162355998219596,5.0,58,C,1.1733070933809029,0.7705849451573195,1.0059726340651836,0.5751326948727836,0.22941505484268054,0.4248673051272164
0,0.0,149.8077646331917,-0.19471345019297814,5.0,59,B,1.0306269974759827,1.1639587588247609,1.3212266060779223,0.7771208894369578,0.25954576770943827,0.3212266060779223
0,0.0,165.0753220285542,-0.2308327849482339,5.0,59,C,1.0306269974759827,1.1639587588247609,1.3212266060779223,0.7771208894369578,0.25954576770943827,0.3212266060779223
0,0.0,150.05978269313218,0.0574916056285133,5.0,60,B,0.9165828554970105,0.9132095087036178,1.1374209792381813,0.887294915051874,0.08679049129638217,0.17576744194745997
0,0.0,164.97159199371697,-0.0948027932861919,5.0,60,C,0.9165828554970105,0.9132095087036178,1.1374209792381813,0.887294915051874,0.08679049129638217,0.17576744194745997
0,0.0,149.8147774593099,-0.19271089506432304,5.0,61,B,1.0743416691634806,0.8819206075985472,1.0457488790192866,0.8828380088978549,0.11807939240145282,0.11716199110214509
0,0.0,164.7790242856942,-0.4312903306498015,5.0,61,C,1.0743416691634806,0.8819206075985472,1.0457488790192866,0.8828380088978549,0.11807939240145282,0.11716199110214509
0,0.0,150.0530169554226,0.05630487129090511,5.0,62,B,1.039464344329753,1.2058088287539943,0.5813236913069569,0.7618640158539373,0.2914617811178515,0.44170615552988624
0,0.0,165.10308954584062,-0.13512704095381878,5.0,62,C,1.039464344329753,1.2058088287539943,0.5813236913069569,0.7618640158539373,0.2914617811178515,0.44170615552988624
0,0.0,150.11692050735803,0.11415710880979191,5.0,63,B,0.7072608494033156,1.282978752571161,1.3976984351175483,1.015160366902642,0.2927391505966844,0.4606648859302718
0,0.0,164.79332053025155,-0.04256266636875239,5.0,63,C,0.7072608494033156,1.282978752571161,1.3976984351175483,1.015160366902642,0.2927391505966844,0.4606648859302718
0,0.0,150.11893346763821,0.12180416620140022,5.0,64,B,1.1996307096281384,1.2605716229547173,0.9396994499655313,0.6833562431051275,0.26057162295471725,0.31664375689487245
0,0.0,165.09316214429708,-0.12600582116519377,5.0,64,C,1.1996307096281384,1.2605716229547173,0.9396994499655313,0.6833562431051275,0.26057162295471725,0.31664375689487245
0,0.0,150.0342969021114,0.037409445655328,5.0,65,B,0.877556108205648,0.7082427151698871,0.9338912243499314,0.824146375807376,0.2917572848301129,0.26219717185921976
0,0.0,164.97585079363682,-0.16511854127156766,5.0,65,C,0.877556108205648,0.7082427151698871,0.9338912243499314,0.824146375807376,0.2917572848301129,0.26219717185921976
0,0.0,150.06088989957962,0.05769270630082701,5.0,66,B,1.130344563577296,1.1656189914668684,1.330631441271759,0.699303909107,0.2997008113542161,0.34770503715118606
0,0.0,164.8058467156376,-0.14343499551247874,5.0,66,C,1.130344563577296,1.1656189914668684,1.330631441271759,0.699303909107,0.2997008113542161,0.34770503715118606
0,0.0,149.83064324669763,-0.16318302811274066,5.0,67,B,0.9593589786077596,1.167966862593149,1.3684311544172296,1.094374602512759,0.18323439136065933,0.3684311544172296
0,0.0,164.7481227117524,-0.2679519912524313,5.0,67,C,0.9593589786077596,1.167966862593149,1.3684311544172296,1.094374602512759,0.18323439136065933,0.3684311544172296
0,0.0,150.09911703408588,0.09955838682697049,5.0,68,B,1.1334269043586742,1.1384235975150416,1.0681923142926266,0.906612845033848,0.21151652732078619,0.39994579343894854
0,0.0,164.84371330766942,-0.09804960886745562,5.0,68,C,1.1334269043586742,1.1384235975150416,1.0681923142926266,0.906612845033848,0.21151652732078619,0.39994579343894854
0,0.0,149.93534839671082,-0.06430912521256005,5.0,69,B,0.8839043305184213,0.8588116010936173,1.3622755206430472,1.068184141901732,0.16117645640715272,0.36227552064304724
0,0.0,164.9426276078157,-0.21258636231789296,5.0,69,C,0.8839043305184213,0.8588116010936173,1.3622755206430472,1.068184141901732,0.16117645640715272,0.36227552064304724
0,0.0,150.05617769728943,0.052168304135648214,5.0,70,B,1.077075278727345,0.7898893275252772,0.6219022213353063,0.6657311519522722,0.23725006537910298,0.42356097908178303
9,0.8237156174618576,164.97832340393882,-0.2574337916813363,5.0,70,C,1.077075278727345,0.7898893275252772,0.6219022213353063,0.6657311519522722,0.23725006537910298,0.42356097908178303
0,0.0,150.1342028341314,0.1279425093959503,5.0,71,B,1.1843007580560938,0.9839223828331414,0.7165283006768245,0.7818281063347258,0.286433681671872,0.2834716993231755
0,0.0,164.99619617475713,-0.057011262723762,5.0,71,C,1.1843007580560938,0.9839223828331414,0.7165283006768245,0.7818281063347258,0.286433681671872,0.2834716993231755
0,0.0,149.95108744358123,-0.056017887182974846,5.0,72,B,1.256122636437155,1.0667046714605046,1.1641418567485056,1.0819025790346892,0.25612263643715494,0.4152410327759861
0,0.0,164.8060062957623,-0.17368788020078796,5.0,72,C,1.256122636437155,1.0667046714605046,1.1641418567485056,1.0819025790346892,0.25612263643715494,0.4152410327759861
0,0.0,149.99063430311546,-0.0024996653833682103,5.0,73,B,1.1415541599387855,0.7783438349407347,0.583740323896779,0.9726175288334824,0.22165616505926533,0.4275588094659626
0,0.0,164.63006617255115,-0.27835746766436387,5.0,73,C,1.1415541599387855,0.7783438349407347,0.583740323896779,0.9726175288334824,0.22165616505926533,0.4275588094659626
0,0.0,149.7929208355906,-0.2111780188315322,5.0,74,B,1.237284344288589,0.9910763054137842,1.208702261432384,0.7657080687365831,0.23728434428858902,0.38986526363670393
0,0.0,164.67642271061513,-0.31056656652972947,5.0,74,C,1.237284344288589,0.9910763054137842,1.208702261432384,0.7657080687365831,0.23728434428858902,0.38986526363670393
0,0.0,149.8612807156099,-0.1389898157446794,5.0,75,B,0.7037060972705669,1.0941408699554063,1.1874150023133265,1.1692037223800513,0.2962939027294331,0.38472104692148557
0,0.0,164.70951040596069,-0.16465454327553175,5.0,75,C,0.7037060972705669,1.0941408699554063,1.1874150023133265,1.1692037223800513,0.2962939027294331,0.38472104692148557
0,0.0,150.1450675789724,0.14353846128264536,5.0,76,B,0.7039591142684228,0.9270216282451927,0.6189651624145176,0.877463431532434,0.29604088573157716,0.3810348375854824
0,0.0,164.9657740435112,-0.09398663257954354,5.0,76,C,0.7039591142684228,0.9270216282451927,0.6189651624145176,0.877463431532434,0.29604088573157716,0.3810348375854824
0,0.0,149.98231552621812,-0.016558952733134902,5.0,77,B,1.1250996899720254,1.1493399066930918,1.1687281297620549,1.1636837393289772,0.213704836637446,0.36323271518228695
0,0.0,164.87858504317612,-0.10759524142491728,5.0,77,C,1.1250996899720254,1.1493399066930918,1.1687281297620549,1.1636837393289772,0.213704836637446,0.36323271518228695
0,0.0,149.90738866956832,-0.09164879787280711,5.0,78,B,1.1499734499557286,0.9133822518290715,1.415118614889683,1.438026319637804,0.20163440807530442,0.43802631963780403
0,0.0,164.61374925231374,-0.16200197219126267,5.0,78,C,1.1499734499557286,0.9133822518290715,1.415118614889683,1.438026319637804,0.20163440807530442,0.43802631963780403
0,0.0,149.82584960516178,-0.17124859025560113,5.0,79,B,0.7151396536627806,1.1392480500219306,1.0261680305016214,1.2564671103596112,0.28486034633721935,0.2774666612278165
0,0.0,164.57247941579044,-0.22308028254246892,5.0,79,C,0.7151396536627806,1.1392480500219306,1.0261680305016214,1.2564671103596112,0.28486034633721935,0.2774666612278165
0,0.0,150.0168611988551,0.018690093037008637,5.0,80,B,0.7702638448309557,0.9706284786796552,1.3768177365996088,0.6874032729291211,0.22973615516904433,0.3768177365996088
0,0.0,165.0006891156689,-0.07652257236844662,5.0,80,C,0.7702638448309557,0.9706284786796552,1.3768177365996088,0.6874032729291211,0.22973615516904433,0.3768177365996088
0,0.0,150.07163999430207,0.06963444601811375,5.0,81,B,0.8897331206058801,0.9834802146865183,1.3224661575824719,1.3890462941434096,0.11026687939411994,0.38904629414340963
0,0.0,164.47468907715043,-0.03424298251110258,5.0,81,C,0.8897331206058801,0.9834802146865183,1.3224661575824719,1.3890462941434096,0.11026687939411994,0.38904629414340963
0,0.0,149.90125446395314,-0.10045124658469717,5.0,82,B,0.7453114213366585,0.9404468606569386,1.4704494067485072,0.9754249535877287,0.2943657782272906,0.4704494067485072
0,0.0,164.76185502583255,-0.22537245740491585,5.0,82,C,0.7453114213366585,0.9404468606569386,1.4704494067485072,0.9754249535877287,0.2943657782272906,0.4704494067485072
0,0.0,150.17769809388767,0.17633430410549522,5.0,83,B,0.7779241148638807,0.8461435001812875,0.7943637575238798,0.958860568981583,0.2220758851361193,0.46226139491475426
0,0.0,165.06895580715428,0.0005652526558606041,5.0,83,C,0.7779241148638807,0.8461435001812875,0.7943637575238798,0.958860568981583,0.2220758851361193,0.46226139491475426
0,0.0,149.7998113083566,-0.19499583681553645,5.0,84,B,1.2700810072673905,0.7166895437183615,1.1659446382623542,1.2953661356054247,0.28331045628163853,0.2953661356054247
0,0.0,164.9265390485387,-0.3759274025911168,5.0,84,C,1.2700810072673905,0.7166895437183615,1.1659446382623542,1.2953661356054247,0.28331045628163853,0.2953661356054247
0,0.0,150.09073439320835,0.09442786554933491,5.0,85,B,0.8990883511951022,0.9855386759797422,0.6492101460493006,1.3604123348789248,0.15259350437454788,0.41255488253031136
0,0.0,164.67573203330258,0.023356013425541278,5.0,85,C,0.8990883511951022,0.9855386759797422,0.6492101460493006,1.3604123348789248,0.15259350437454788,0.41255488253031136
0,0.0,149.83823863745295,-0.16742423680861407,5.0,86,B,1.2342172469701078,0.8353944473670868,0.9535238890209351,0.7742069569533242,0.23421724697010782,0.35185737360561364
0,0.0,164.61568287044364,-0.3496935580367335,5.0,86,C,1.2342172469701078,0.8353944473670868,0.9535238890209351,0.7742069569533242,0.23421724697010782,0.35185737360561364
0,0.0,149.91901971969546,-0.08825807008525999,5.0,87,B,1.1535631849343075,0.9572362824908831,1.337196348903546,0.8984784427849121,0.28965836711649917,0.4854583686389806
0,0.0,164.98807832024568,-0.23690366241359584,5.0,87,C,1.1535631849343075,0.9572362824908831,1.337196348903546,0.8984784427849121,0.28965836711649917,0.4854583686389806
0,0.0,150.01567753992623,0.014586000405387267,5.0,88,B,0.9994055847939008,0.8197870080287124,1.0615867040751434,0.9666665396856099,0.25770690823619335,0.3584434272995116
0,0.0,164.78380142478963,-0.23269101104486367,5.0,88,C,0.9994055847939008,0.8197870080287124,1.0615867040751434,0.9666665396856099,0.25770690823619335,0.3584434272995116
0,0.0,150.02117021427333,0.023958464645687627,5.0,89,B,1.1979347686965693,1.1299647002393614,1.4121052609840152,0.6223675465955067,0.2738007956535715,0.44236053230865435
0,0.0,165.17445253663155,-0.08289864858605256,5.0,89,C,1.1979347686965693,1.1299647002393614,1.4121052609840152,0.6223675465955067,0.2738007956535715,0.44236053230865435
0,0.0,150.15006966799612,0.15085851330900368,5.0,90,B,0.7746571589406096,0.9310913945357635,0.6738281766236274,0.6328046270642882,0.2253428410593904,0.3671953729357118
0,0.0,164.89514204266516,-0.09365215495159873,5.0,90,C,0.7746571589406096,0.9310913945357635,0.6738281766236274,0.6328046270642882,0.2253428410593904,0.3671953729357118
0,0.0,150.03565661445606,0.024314691494026874,5.0,91,B,1.010100962058421,0.9789953801052863,1.230809049148173,0.9196330759479471,0.17400919078847998,0.4782481140195478
0,0.0,164.94169558435425,-0.14159384021746746,5.0,91,C,1.010100962058421,0.9789953801052863,1.230809049148173,0.9196330759479471,0.17400919078847998,0.4782481140195478
0,0.0,150.02803517434805,0.01950734806410992,5.0,92,B,1.2926025217960437,1.169248636262446,0.7717190023531588,0.6996772581530099,0.29260252179604374,0.30032274184699015
0,0.0,164.9283579771139,-0.16194628782503173,5.0,92,C,1.2926025217960437,1.169248636262446,0.7717190023531588,0.6996772581530099,0.29260252179604374,0.30032274184699015
0,0.0,149.9059898292875,-0.08901282135673227,5.0,93,B,0.7206441614068146,0.7742231529756862,1.3479694301231584,1.2726163503831625,0.29222000613597454,0.3479694301231584
0,0.0,164.92279897232154,-0.13765719650922392,5.0,93,C,0.7206441614068146,0.7742231529756862,1.3479694301231584,1.2726163503831625,0.29222000613597454,0.3479694301231584
0,0.0,149.83939259833593,-0.15794822468046732,5.0,94,B,1.1544172074142733,1.1485517051350513,0.9698238742732062,1.3451430809582015,0.21800879526800476,0.34514308095820145
0,0.0,164.3977529862403,-0.3276373417056391,5.0,94,C,1.1544172074142733,1.1485517051350513,0.9698238742732062,1.3451430809582015,0.21800879526800476,0.34514308095820145
0,0.0,150.11090278570313,0.10760177071750832,5.0,95,B,0.8934764545379036,1.2515139935427388,0.7898411498160374,1.4125459074536546,0.295010831000333,0.4125459074536546
0,0.0,163.7462089658025,0.011517159711615932,5.0,95,C,0.8934764545379036,1.2515139935427388,0.7898411498160374,1.4125459074536546,0.295010831000333,0.4125459074536546
0,0.0,150.0877182669032,0.08489170593014705,5.0,96,B,1.1647913411590023,1.0573329129045996,0.855757664231393,0.7070286525679896,0.18188213114368412,0.29297134743201036
0,0.0,164.7368046339721,-0.21909487969131192,5.0,96,C,1.1647913411590023,1.0573329129045996,0.855757664231393,0.7070286525679896,0.18188213114368412,0.29297134743201036
0,0.0,150.02030376201822,0.020688053851728228,5.0,97,B,1.0660657059303853,0.796724690263991,0.8536777120194139,0.7395089554722614,0.291564548910653,0.48809026165898217
0,0.0,164.64055585538233,-0.28998891217807454,5.0,97,C,1.0660657059303853,0.796724690263991,0.8536777120194139,0.7395089554722614,0.291564548910653,0.48809026165898217
0,0.0,150.196549830701,0.19658523471483136,5.0,98,B,0.8623831302670341,0.9110915974888228,0.9311328562045973,0.8648572248672504,0.26444322943706533,0.4762450350517937
0,0.0,164.8293338037828,-0.03950075598649505,5.0,98,C,0.8623831302670341,0.9110915974888228,0.9311328562045973,0.8648572248672504,0.26444322943706533,0.4762450350517937
0,0.0,150.2516691936233,0.25383624386734027,5.0,99,B,0.7501224525937791,0.9233446145170113,0.7113851554498875,1.495299803387861,0.24987754740622092,0.49529980338786106
0,0.0,164.49919337892126,0.1989380960582423,5.0,99,C,0.7501224525937791,0.9233446145170113,0.7113851554498875,1.495299803387861,0.24987754740622092,0.49529980338786106
0,0.0,149.86363648775082,-0.14988623766444675,5.0,100,B,1.2150611953325123,1.1127487128334204,1.2589990022820636,0.8268477975458088,0.21506119533251233,0.4246112613056523
0,0.0,164.74706297842957,-0.25809578513482734,5.0,100,C,1.2150611953325123,1.1127487128334204,1.2589990022820636,0.8268477975458088,0.21506119533251233,0.4246112613056523
0,0.0,149.94403563534732,-0.0596571139190587,5.0,101,B,1.0422587935668801,0.9817956616682286,1.4921678865358947,0.8343124638563049,0.19116732696698324,0.4921678865358947
0,0.0,164.89180041686717,-0.10611595552083486,5.0,101,C,1.0422587935668801,0.9817956616682286,1.4921678865358947,0.8343124638563049,0.19116732696698324,0.4921678865358947
0,0.0,149.87791047734805,-0.11514635299721476,5.0,102,B,0.9433498120135296,1.2298468008975987,1.0755398430302385,1.3236138553216303,0.22984680089759868,0.32361385532163034
0,0.0,164.24500468056422,-0.2011158579489063,5.0,102,C,0.9433498120135296,1.2298468008975987,1.0755398430302385,1.3236138553216303,0.22984680089759868,0.32361385532163034
0,0.0,149.88696276306266,-0.11529832940613005,5.0,103,B,1.086520310801965,0.7752587971918917,1.4090719628493051,1.3953620927597767,0.22474120280810828,0.40907196284930514
0,0.0,164.89673231525734,-0.2323848642478481,5.0,103,C,1.086520310801965,0.7752587971918917,1.4090719628493051,1.3953620927597767,0.22474120280810828,0.40907196284930514
0,0.0,150.10699492443547,0.10522387186017568,5.0,104,B,0.8357998286765704,1.1637872233966637,0.515413176121162,1.2666606823802344,0.2804565901112335,0.484586823878838
0,0.0,164.44341537473107,0.011826479054064976,5.0,104,C,0.8357998286765704,1.1637872233966637,0.515413176121162,1.2666606823802344,0.2804565901112335,0.484586823878838
0,0.0,150.12055094837032,0.12047099133621941,5.0,105,B,0.9876254178576729,0.9739471022188824,0.5457126029457983,1.2526475197183664,0.12395504585982997,0.45428739705420174
0,0.0,164.59220628412646,-0.018961091766868776,5.0,105,C,0.9876254178576729,0.9739471022188824,0.5457126029457983,1.2526475197183664,0.12395504585982997,0.45428739705420174
0,0.0,149.9566167443653,-0.046808641303101695,5.0,106,B,0.997373363468711,1.0995744441929265,1.2673859173155502,0.5001900016073435,0.29770747452050594,0.4998099983926565
0,0.0,164.69894801984583,-0.19051413871355294,5.0,106,C,0.997373363468711,1.0995744441929265,1.2673859173155502,0.5001900016073435,0.29770747452050594,0.4998099983926565
0,0.0,150.01188029477586,0.00771732348215437,5.0,107,B,1.0792721268631824,0.8508151957301759,0.7097798700869488,0.6872806883090319,0.14918480426982406,0.3127193116909681
0,0.0,165.12702162265285,-0.29047107620340284,5.0,107,C,1.0792721268631824,0.8508151957301759,0.7097798700869488,0.6872806883090319,0.14918480426982406,0.3127193116909681
0,0.0,149.87585629950215,-0.13263469928142513,5.0,108,B,1.2317049579473807,1.1236576165222354,0.9513867350535361,1.2641596992838675,0.23170495794738066,0.3338562462810244
0,0.0,164.66302797435927,-0.313008559507864,5.0,108,C,1.2317049579473807,1.1236576165222354,0.9513867350535361,1.2641596992838675,0.23170495794738066,0.3338562462810244
0,0.0,149.99830523523727,-0.0023041218296384613,5.0,109,B,0.845889303568871,0.9467546166900569,1.3942608451139047,0.8774441506555125,0.28530692388121015,0.3942608451139047
0,0.0,164.82307829270425,-0.13836575992138478,5.0,109,C,0.845889303568871,0.9467546166900569,1.3942608451139047,0.8774441506555125,0.28530692388121015,0.3942608451139047
0,0.0,150.00763134161951,0.010159693874044251,5.0,110,B,1.1277937245552132,1.2054544326042014,1.0773185852448268,1.3889806580193464,0.20545443260420138,0.38898065801934645
0,0.0,164.31483192945828,-0.1931480336415632,5.0,110,C,1.1277937245552132,1.2054544326042014,1.0773185852448268,1.3889806580193464,0.20545443260420138,0.38898065801934645
0,0.0,150.134486648593,0.1363321407873741,5.0,111,B,0.9200506800565769,0.751203370461596,0.9489819873125963,1.3533098553353946,0.24879662953840398,0.3533098553353946
0,0.0,164.9039420657211,-0.002703019209690183,5.0,111,C,0.9200506800565769,0.751203370461596,0.9489819873125963,1.3533098553353946,0.24879662953840398,0.3533098553353946
0,0.0,149.86108832882283,-0.13493124463047934,5.0,112,B,0.8076733163322743,1.1618921869004915,1.4409769625013746,0.8365589623455405,0.19232668366772565,0.44097696250137464
0,0.0,164.875036599952,-0.21726762271723032,5.0,112,C,0.8076733163322743,1.1618921869004915,1.4409769625013746,0.8365589623455405,0.19232668366772565,0.44097696250137464
0,0.0,150.0071365069601,0.00688907448630971,5.0,113,B,1.158591862790596,0.8042732312364946,0.886204295660275,1.144622460975461,0.19572676876350537,0.46687861926508445
0,0.0,164.99157841317495,-0.17238381550683357,5.0,113,C,1.158591862790596,0.8042732312364946,0.886204295660275,1.144622460975461,0.19572676876350537,0.46687861926508445
0,0.0,149.94998840247916,-0.061125839030779616,5.0,114,B,1.245422702057195,1.0404233954191378,0.8547281833903093,0.5282859743505773,0.24542270205719507,0.47171402564942266
0,0.0,164.89092792285635,-0.17408863460531165,5.0,114,C,1.245422702057195,1.0404233954191378,0.8547281833903093,0.5282859743505773,0.24542270205719507,0.47171402564942266
0,0.0,149.87596464263723,-0.12575174213844775,5.0,115,B,0.9038866929383047,1.0648003990482642,0.5929904600656676,1.3402815598495978,0.2998669801738212,0.4070095399343324
0,0.0,164.43952371966324,-0.24189158499024188,5.0,115,C,0.9038866929383047,1.0648003990482642,0.5929904600656676,1.3402815598495978,0.2998669801738212,0.4070095399343324
0,0.0,149.67203600729275,-0.3274865369885447,5.0,116,B,0.9326399525622188,1.123664933388089,1.0454566236571146,0.5133906790971899,0.18853423832473615,0.48660932090281006
0,0.0,164.83487664937675,-0.5316560447988934,5.0,116,C,0.9326399525622188,1.123664933388089,1.0454566236571146,0.5133906790971899,0.18853423832473615,0.48660932090281006
0,0.0,149.77103819904863,-0.22127319035578807,5.0,117,B,0.7974660656250132,1.1237411880168247,1.1807608241860268,0.6058889084153547,0.2025339343749868,0.4204484389862654
0,0.0,164.8850431734296,-0.31888467204075255,5.0,117,C,0.7974660656250132,1.1237411880168247,1.1807608241860268,0.6058889084153547,0.2025339343749868,0.4204484389862654
0,0.0,150.1308611634398,0.11488414819072545,5.0,118,B,1.2132106961572684,1.0021016834400485,1.1266625713376246,0.6234023281631537,0.2132106961572684,0.42305328877204773
0,0.0,164.6064624659806,-0.17065623065883528,5.0,118,C,1.2132106961572684,1.0021016834400485,1.1266625713376246,0.6234023281631537,0.2132106961572684,0.42305328877204773
0,0.0,149.8600170277236,-0.14065360574667807,5.0,119,B,1.108824677100421,1.1030162406164468,0.8710027506956368,1.0226768994079158,0.1088246771004211,0.46421155172160544
0,0.0,165.02346507618353,-0.2698350284622961,5.0,119,C,1.108824677100421,1.1030162406164468,0.8710027506956368,1.0226768994079158,0.1088246771004211,0.46421155172160544
0,0.0,149.9452839360086,-0.05898356344087574,5.0,120,B,1.1452867846365167,1.0387697074526354,0.622756878387196,1.3236541350166275,0.19181214160198334,0.37724312161280404
0,0.0,164.56308328299085,-0.2091560137410795,5.0,120,C,1.1452867846365167,1.0387697074526354,0.622756878387196,1.3236541350166275,0.19181214160198334,0.37724312161280404
0,0.0,150.1369113293977,0.13312140846971943,5.0,121,B,1.1086369602836892,0.8350978584728626,1.0571375458252832,0.8422967060014851,0.2638851828858646,0.27177227695989714
0,0.0,164.97732452349973,-0.10866394737993801,5.0,121,C,1.1086369602836892,0.8350978584728626,1.0571375458252832,0.8422967060014851,0.2638851828858646,0.27177227695989714
0,0.0,149.8956369063619,-0.11026991925453444,5.0,122,B,1.0932106903622825,0.9203808413514812,1.4107583303834286,0.6068413766933016,0.2611614367806445,0.41075833038342857
0,0.0,164.92939598395208,-0.22626924153155414,5.0,122,C,1.0932106903622825,0.9203808413514812,1.4107583303834286,0.6068413766933016,0.2611614367806445,0.41075833038342857
0,0.0,149.8818591201142,-0.12054079617274738,5.0,123,B,0.8744973001844127,0.7442235613347136,1.1832660124725858,0.8448433364250045,0.25577643866528643,0.29926995647903887
0,0.0,164.93292445769666,-0.3519613476593122,5.0,123,C,0.8744973001844127,0.7442235613347136,1.1832660124725858,0.8448433364250045,0.25577643866528643,0.29926995647903887
0,0.0,149.90731208569778,-0.08644022229881898,5.0,124,B,1.0358639913805292,1.2140807048290467,0.5780532350145701,0.8800078966332565,0.28708802913152376,0.42194676498542993
0,0.0,164.88945527821326,-0.26621220236674503,5.0,124,C,1.0358639913805292,1.2140807048290467,0.5780532350145701,0.8800078966332565,0.28708802913152376,0.42194676498542993
0,0.0,149.9781012508471,-0.022759828966229634,5.0,125,B,0.7078046040249312,0.9615508393373673,1.1017947156364514,0.7675169724052795,0.29219539597506883,0.35002820425490055
0,0.0,165.1082082334866,-0.15878650630082802,5.0,125,C,0.7078046040249312,0.9615508393373673,1.1017947156364514,0.7675169724052795,0.29219539597506883,0.35002820425490055
0,0.0,150.05442058746127,0.052822241184600216,5.0,126,B,0.729696524627297,0.7249350923043324,1.052730562210367,1.4167147414133403,0.2750649076956676,0.42574227793457864
0,0.0,164.9559604760292,-0.03671336503006728,5.0,126,C,0.729696524627297,0.7249350923043324,1.052730562210367,1.4167147414133403,0.2750649076956676,0.42574227793457864
0,0.0,150.1689213718706,0.16595336293059404,5.0,127,B,0.7892403354823739,1.1001801783409817,1.2257540416698312,1.3418772404125445,0.2824068349963218,0.42961028587982075
0,0.0,164.45283656118053,-0.02256913890212786,5.0,127,C,0.7892403354823739,1.1001801783409817,1.2257540416698312,1.3418772404125445,0.2824068349963218,0.42961028587982075
0,0.0,149.8120713260294,-0.18446646791815624,5.0,128,B,0.9508174025231546,0.7679319314987683,1.0222459329102984,1.1131246779542143,0.23206806850123174,0.11312467795421433
0,0.0,165.00623244520182,-0.32203936200838257,5.0,128,C,0.9508174025231546,0.7679319314987683,1.0222459329102984,1.1131246779542143,0.23206806850123174,0.11312467795421433
0,0.0,149.96495545308295,-0.030389597482752606,5.0,129,B,1.2265860778524642,0.8539436215482566,0.8068466424549248,0.9411210299320396,0.2265860778524642,0.295372341166364
0,0.0,164.92483381217764,-0.22231826683301392,5.0,129,C,1.2265860778524642,0.8539436215482566,0.8068466424549248,0.9411210299320396,0.2265860778524642,0.295372341166364
0,0.0,149.9817887706474,-0.0119742505758893,5.0,130,B,0.7244573963851686,0.9000060484178669,1.1843766580709425,0.9545951309204591,0.2755426036148314,0.1843766580709425
0,0.0,164.83701317357603,-0.21532078977463698,5.0,130,C,0.7244573963851686,0.9000060484178669,1.1843766580709425,0.9545951309204591,0.2755426036148314,0.1843766580709425
0,0.0,150.04001384075087,0.041020927972596155,5.0,131,B,0.7658683221706641,0.9982989790435921,0.7436613878829393,1.3454561251606802,0.23413167782933586,0.34545612516068025
0,0.0,164.62706845911578,-0.05996973124968008,5.0,131,C,0.7658683221706641,0.9982989790435921,0.7436613878829393,1.3454561251606802,0.23413167782933586,0.34545612516068025
0,0.0,150.03036862263053,0.023697462046357032,5.0,132,B,0.8592955781989069,1.1615094943088535,0.5201864530097193,0.8501049998112872,0.26516375152387806,0.47981354699028067
0,0.0,165.0019659224327,-0.27281648980638806,5.0,132,C,0.8592955781989069,1.1615094943088535,0.5201864530097193,0.8501049998112872,0.26516375152387806,0.47981354699028067
0,0.0,149.85096073280602,-0.1482427334827605,5.0,133,B,1.2594876958352716,0.9376632695348894,1.3582685034359774,1.3519583689191783,0.25948769583527165,0.3738278049143722
0,0.0,164.68156429444946,-0.34202838753557785,5.0,133,C,1.2594876958352716,0.9376632695348894,1.3582685034359774,1.3519583689191783,0.25948769583527165,0.3738278049143722
0,0.0,150.0013530557525,0.002410412081104596,5.0,134,B,1.1897480226531376,1.0113778318622506,1.243590758512176,1.3483128149076782,0.21991591018707468,0.3483128149076782
0,0.0,164.73225780744178,-0.2100057993138762,5.0,134,C,1.1897480226531376,1.0113778318622506,1.243590758512176,1.3483128149076782,0.21991591018707468,0.3483128149076782
0,0.0,150.09015575479503,0.08653901105819273,5.0,135,B,1.0601282788351583,1.215421490932877,0.9682835817141465,1.3246442022339677,0.2154214909328771,0.3246442022339677
0,0.0,164.3668326502235,-0.07573247360735991,5.0,135,C,1.0601282788351583,1.215421490932877,0.9682835817141465,1.3246442022339677,0.2154214909328771,0.3246442022339677
0,0.0,150.07573134140515,0.07749685076279889,5.0,136,B,0.9725794165238739,1.1538881975014512,0.7857054926906862,0.6298209815615836,0.2690121016408358,0.4824020235226951
0,0.0,164.92838053720308,-0.17759928239556189,5.0,136,C,0.9725794165238739,1.1538881975014512,0.7857054926906862,0.6298209815615836,0.2690121016408358,0.4824020235226951
0,0.0,149.94624898185913,-0.04787438895800733,5.0,137,B,0.8555541439177173,0.9901153247204897,0.6070445200447387,0.6416023378231235,0.2220551787788616,0.4040054660566166
0,0.0,164.56208974996056,-0.4691743309845151,5.0,137,C,0.8555541439177173,0.9901153247204897,0.6070445200447387,0.6416023378231235,0.2220551787788616,0.4040054660566166
0,0.0,150.10816515759197,0.11779346117825185,5.0,138,B,1.1805834371146458,1.061094928141166,0.6465001560206799,0.8971828209541604,0.2632477733451122,0.44718327625620047
0,0.0,164.9379433917242,-0.08054718703843378,5.0,138,C,1.1805834371146458,1.061094928141166,0.6465001560206799,0.8971828209541604,0.2632477733451122,0.44718327625620047
0,0.0,149.99079992261252,-0.01407948515813473,5.0,139,B,1.2192850456430424,0.7508867775315957,0.6713572524069734,1.3319820431690634,0.24911322246840428,0.33198204316906343
0,0.0,164.87762804416707,-0.23909253487843785,5.0,139,C,1.2192850456430424,0.7508867775315957,0.6713572524069734,1.3319820431690634,0.24911322246840428,0.33198204316906343
0,0.0,150.15252850844044,0.15089751571574084,5.0,140,B,0.9815445058321455,1.1529402030189968,1.1889397912861739,0.8986061287171057,0.1529402030189968,0.2715943884023879
0,0.0,164.81008875736143,-0.05599646328462882,5.0,140,C,0.9815445058321455,1.1529402030189968,1.1889397912861739,0.8986061287171057,0.1529402030189968,0.2715943884023879
0,0.0,150.24218271446796,0.24181879653383476,5.0,141,B,0.7714515047438573,1.115057569633875,1.4884659093745674,0.513354948634488,0.22854849525614274,0.48846590937456735
0,0.0,164.96109759811262,0.20465107634302626,5.0,141,C,0.7714515047438573,1.115057569633875,1.4884659093745674,0.513354948634488,0.22854849525614274,0.48846590937456735
0,0.0,150.19266187735212,0.20042310683433584,5.0,142,B,1.062230481912052,1.2761486518187712,0.5341535775356829,1.1868864269896169,0.27614865181877124,0.46584642246431707
0,0.0,164.58195869572154,0.0759628544486759,5.0,142,C,1.062230481912052,1.2761486518187712,0.5341535775356829,1.1868864269896169,0.27614865181877124,0.46584642246431707
0,0.0,149.82943296006124,-0.16408315453972477,5.0,143,B,1.2889946659516056,1.0235459522239352,0.5098673597075155,0.6066531995151027,0.2889946659516056,0.4901326402924845
0,0.0,164.95131969885034,-0.3167514112575134,5.0,143,C,1.2889946659516056,1.0235459522239352,0.5098673597075155,0.6066531995151027,0.2889946659516056,0.4901326402924845
0,0.0,149.9677812657275,-0.02965111507788265,5.0,144,B,1.0281008782676444,0.7100032760333442,0.6649761115751203,0.5822141592728253,0.28999672396665577,0.41778584072717473
0,0.0,165.01402800431052,-0.2999670757822628,5.0,144,C,1.0281008782676444,0.7100032760333442,0.6649761115751203,0.5822141592728253,0.28999672396665577,0.41778584072717473
0,0.0,150.16676308583206,0.15651158079774063,5.0,145,B,1.081826725266965,1.0127984671841266,1.4061192749231477,1.4664926749985039,0.2047326890202661,0.4664926749985039
0,0.0,164.4697219370158,-0.08660567873874925,5.0,145,C,1.081826725266965,1.0127984671841266,1.4061192749231477,1.4664926749985039,0.2047326890202661,0.4664926749985039
0,0.0,150.0535555445678,0.045115154259946166,5.0,146,B,0.9052450263774282,1.173860537322097,1.420922674130749,0.8229723309001037,0.19452146449735763,0.420922674130749
0,0.0,164.99767907032975,-0.03938493673683752,5.0,146,C,0.9052450263774282,1.173860537322097,1.420922674130749,0.8229723309001037,0.19452146449735763,0.420922674130749
0,0.0,149.96052360854625,-0.04297208125689167,5.0,147,B,1.2475777986782797,1.0878119344429444,1.248181120241949,0.8690332136597736,0.24757779867827967,0.4496637168044585
0,0.0,164.91195293725667,-0.14617009323148977,5.0,147,C,1.2475777986782797,1.0878119344429444,1.248181120241949,0.8690332136597736,0.24757779867827967,0.4496637168044585
0,0.0,149.95403616935417,-0.05167256105380602,5.0,148,B,1.2083479146165519,0.9008383350809765,1.1165735537428427,1.0452534544692407,0.29884958548333795,0.4384014551026072
0,0.0,164.95748722477876,-0.16752048363031236,5.0,148,C,1.2083479146165519,0.9008383350809765,1.1165735537428427,1.0452534544692407,0.29884958548333795,0.4384014551026072
0,0.0,149.82635024738502,-0.17102432031535386,5.0,149,B,0.8333304952298372,0.8477496663523159,1.3598945712694444,0.631282611198786,0.19069099781474863,0.36871738880121396
3,0.4216195885496745,164.99015915140026,-0.2992158201242603,5.0,149,C,0.8333304952298372,0.8477496663523159,1.3598945712694444,0.631282611198786,0.19069099781474863,0.36871738880121396
