seed,scenario,violations,offset,rate
1,A,0,0.23479106337848066,100.22940106201551
1,B,0,-0.18886957531344706,149.8068028521647
1,C,0,-0.3240122513143717,165.01020142009818
2,A,0,0.04012334699545761,100.03995107809585
2,B,0,0.16971390350479965,150.16763685423422
2,C,0,0.06243942725112106,164.88945662766466
3,A,0,-0.0858629937739579,99.91077419773862
3,B,0,-0.037098868978688415,149.96323678080728
3,C,0,-0.28593241452028906,164.89190230380325
4,A,0,-0.23009713765777917,99.77150162922632
4,B,0,0.074024308999185,150.0763476170015
4,C,0,-0.07572817330679982,164.971863481162
5,A,0,0.003851157791245896,100.01002011292252
5,B,0,-0.09940535181300447,149.90333758312096
5,C,0,-0.23395863794868887,164.86152167152218
6,A,0,0.046784107447507495,100.04569233650456
6,B,0,-0.08603778882510937,149.9197048552666
6,C,0,-0.34344388736167275,164.80657039875516
7,A,0,-0.06636573981975857,99.93747197874116
7,B,0,-0.0028685151349350235,150.00446875612334
7,C,0,-0.2575313861238726,164.5665602562213
8,A,0,-0.05046846546142092,99.95216052500024
8,B,0,0.049584315305139626,150.04587698252263
8,C,0,-0.06322213028892065,165.15933243566613
9,A,0,0.08110846713761077,100.06950872038874
9,B,0,0.02871809355849564,150.0297161431325
9,C,0,-0.21728757444620328,164.91186156596888
10,A,0,0.21433402476164076,100.21560671628103
10,B,0,0.10232076184095718,150.10641789536234
10,C,0,-0.05612247387273328,165.01264917546717
