Time_hr,Q_true,WHP_true,FLP_true,BHP_true,Q_target,Q_achievable,OilRate_bbl_hr,WHP_psi,FLP_psi,BHP_psi,Q_seen,WHP_seen,FLP_seen,BHP_seen,Choke_pct,Choke_cmd,dChoke,u_tracking_error,mode,active_constraints,u_ss,n_feasible,n_candidates,bad_tags,WHT_F,AP_psi,Pr_psi,water_cut
1.0,124.45808705108348,250.90101984776663,175.00644723693134,3032.1975702624763,130.0,129.96422801672762,124.27930534441961,250.63732775124993,175.26282409783872,3032.0574091648623,123.84063441022076,251.95396372526585,175.85587448536364,3032.2016263855544,47.25,47.25,2.25,0.0,TRACKING,,48.25,451,451,,148.6271499433024,280.1950248015585,3568.5,0.0
2.0,125.26216061524647,250.38645532491768,174.61508541482647,3030.4633901209363,130.0,130.00059903014824,125.7102919850004,249.46279292543062,175.32003236344124,3030.2223097205474,124.27930534441961,250.63732775124993,175.26282409783872,3032.0574091648623,48.25,48.25,1.0,0.0,TRACKING,,48.300000000000004,451,451,,148.7088339121694,280.4809186925929,3568.2,0.0
3.0,125.9893859260421,249.86509560446254,174.24371275044487,3028.735308547884,130.0,130.0215862584428,126.3976129980066,249.79681243747413,174.0731183952612,3029.893083944378,125.7102919850004,249.46279292543062,175.32003236344124,3030.2223097205474,48.5,48.5,0.25,0.0,TRACKING,,48.300000000000004,451,451,,148.79093849671506,280.7682847385027,3567.8999999999996,0.0
4.0,126.58007503580605,249.37818845245909,173.92319724963738,3027.154301599557,130.0,130.00950166574796,127.07478315232412,249.27692351711235,173.8544434692808,3028.86854812658,126.3976129980066,249.79681243747413,174.0731183952612,3029.893083944378,48.5,48.5,0.0,0.0,TRACKING,,48.300000000000004,451,451,,148.86696266653757,281.0343693328815,3567.5999999999995,0.0
5.0,127.05551512162995,248.92239350850622,173.64657434194723,3025.709955725232,130.0,129.99240741772928,126.53331073646164,248.16520175664053,173.82431618018452,3024.033541166012,127.07478315232412,249.27692351711235,173.8544434692808,3028.86854812658,48.5,48.5,0.0,0.0,TRACKING,,48.300000000000004,451,451,,148.9371965410885,281.28018789380974,3567.2999999999993,0.0
6.0,127.43366924923203,248.49469380455878,173.40783321128063,3024.3925995610325,130.0,129.98863952635134,126.2814648951612,248.0876669725861,173.1974143097789,3021.4095933674516,126.53331073646164,248.16520175664053,173.82431618018452,3024.033541166012,48.5,48.5,0.0,0.0,TRACKING,,48.400000000000006,451,451,,149.00191605462732,281.5067061911956,3566.999999999999,0.0
7.0,127.72969542846243,248.09236445405756,173.20178618521217,3023.1932510551546,130.0,129.99253683126273,126.83421709802461,248.11068336752996,173.60554835073967,3022.6104208602533,126.2814648951612,248.0876669725861,173.1974143097789,3021.4095933674516,48.5,48.5,0.0,0.0,TRACKING,,48.550000000000004,451,451,,149.0613836477469,281.7148427671142,3566.699999999999,0.0
8.0,128.02774231882123,247.67272745755193,172.9902994319077,3021.9628088126747,130.0,129.97035170186618,127.58158470111591,247.8652243619259,173.31305554514515,3021.2127823164533,126.83421709802461,248.11068336752996,173.60554835073967,3022.6104208602533,48.75,48.75,0.25,0.0,TRACKING,,48.650000000000006,451,451,,149.12232738219632,281.9281458376871,3566.3999999999987,0.0
9.0,128.25608617610402,247.27775296209307,172.80777446668867,3020.8443472808194,130.0,130.03011230622403,128.58288686085655,247.79919070038454,172.7146440703949,3018.8105584258656,127.58158470111591,247.8652243619259,173.31305554514515,3021.2127823164533,48.75,48.75,0.0,0.0,TRACKING,,48.75,451,451,,149.17819956387137,282.1236984735498,3566.0999999999985,0.0
10.0,128.42557759711877,246.90504841032265,172.65024515382322,3019.8299544435304,130.0,130.02926602709888,128.63416795622808,247.02882128080407,173.1447108996097,3016.618502496517,128.58288686085655,247.79919070038454,172.7146440703949,3018.8105584258656,48.75,48.75,0.0,0.0,TRACKING,,48.75,451,451,,149.2292409695653,282.3023433934785,3565.7999999999984,0.0
11.0,128.54537272390806,246.5524528707725,172.51428849506104,3018.9122822597224,130.0,129.99621057165805,128.14840496569474,246.13336939041466,171.73398181425625,3019.228368647715,128.63416795622808,247.02882128080407,173.1447108996097,3016.618502496517,48.75,48.75,0.0,0.0,TRACKING,,48.75,451,451,,149.27568059616584,282.4648820865805,3565.499999999998,0.0
12.0,128.69429708218644,246.1780109461152,172.36324248892743,3017.9442567496144,130.0,130.0421121453518,129.01097960968374,245.8086159303773,172.98678367245068,3019.9990675912654,128.14840496569474,246.13336939041466,171.73398181425625,3019.228368647715,49.0,49.0,0.25,0.0,TRACKING,,48.85,451,451,,149.32420135619702,282.6347047466896,3565.199999999998,0.0
13.0,128.79665247131507,245.82391879091023,172.2328812885911,3017.069814565676,130.0,130.01892531189924,129.17307835861638,246.02477233663072,172.662932592593,3013.7398649668185,129.01097960968374,245.8086159303773,172.98678367245068,3019.9990675912654,49.0,49.0,0.0,0.0,TRACKING,,48.85,451,451,,149.36823938564376,282.7888378497532,3564.899999999998,0.0
14.0,128.85967660692037,245.48820135640827,172.12037223927473,3016.282355433744,130.0,129.99172632473343,129.2280344018703,245.78958977317498,171.32489887956038,3017.14993068888,129.17307835861638,246.02477233663072,172.662932592593,3013.7398649668185,49.0,49.0,0.0,0.0,TRACKING,,48.85,451,451,,149.40800663746228,282.928023231118,3564.5999999999976,0.0
15.0,128.88947689388755,245.16907479632528,172.0232706005554,3015.5757496072483,130.0,130.0406045030625,128.73922408586157,245.55983614435613,171.82569261611846,3015.5301474631256,129.2280344018703,245.78958977317498,171.32489887956038,3017.14993068888,49.0,49.0,0.0,0.0,TRACKING,,48.900000000000006,451,451,,149.44370468953971,283.052966413389,3564.2999999999975,0.0
16.0,128.89120692210918,244.86492795453754,171.93946642392012,3014.9443043468286,130.0,130.00111397926815,129.09691783249977,244.42679711016544,172.2088349156013,3014.6818963755195,128.73922408586157,245.55983614435613,171.82569261611846,3015.5301474631256,49.0,49.0,0.0,0.0,TRACKING,,48.95,451,451,,149.4755252503744,283.1643383763104,3563.9999999999973,0.0
17.0,128.86921540259596,244.57430564512984,171.86713870510766,3014.3827327881263,130.0,130.01738826942122,129.1647049768035,244.31338689196144,172.35592939958255,3015.8957377342,129.09691783249977,244.42679711016544,172.2088349156013,3014.6818963755195,49.0,49.0,0.0,0.0,TRACKING,,49.0,451,451,,149.50365064009014,283.2627772403155,3563.699999999997,0.0
18.0,128.82717184735847,244.29589355126097,171.8047158150007,3013.8861250275945,130.0,130.04075555627062,128.72035683252687,244.61187212980778,172.37160563761208,3018.3640638113393,129.1647049768035,244.31338689196144,172.35592939958255,3015.8957377342,49.0,49.0,0.0,0.0,TRACKING,,49.050000000000004,451,451,,149.52825424798772,283.34888986795704,3563.399999999997,0.0
19.0,128.76817262449447,244.02850458611434,171.75084134925936,3013.449921268312,130.0,129.99592075314717,127.82402680223034,244.4700704919256,171.9601221780904,3013.2152693178464,128.72035683252687,244.61187212980778,172.37160563761208,3018.3640638113393,49.0,49.0,0.0,0.0,TRACKING,,49.1,451,451,,149.54950096777765,283.42325338722173,3563.0999999999967,0.0
20.0,128.76561120261778,243.73160469791418,171.6705857104845,3012.930265418375,130.0,130.00616634553387,128.16161224163153,244.36019900465075,171.10280361343442,3014.3476290827116,127.82402680223034,244.4700704919256,171.9601221780904,3013.2152693178464,49.25,49.25,0.25,0.0,TRACKING,,49.25,451,451,,149.57403849787855,283.50913474257493,3562.7999999999965,0.0
21.0,128.73984340764434,243.4475902029317,171.6013205794674,3012.4728244974394,130.0,129.99610870012273,129.52096420536597,242.64775555890597,171.46518755124993,3009.199782453649,128.16161224163153,244.36019900465075,171.10280361343442,3014.3476290827116,49.25,49.25,0.0,0.0,TRACKING,,49.35,451,451,,149.5952182354228,283.5832638239798,3562.4999999999964,0.0
22.0,128.69445775965193,243.17520861447935,171.54154087491267,3012.0732353287667,130.0,130.0233873570307,128.84089022447347,243.93239617981666,172.45214108804015,3007.627949221558,129.52096420536597,242.64775555890597,171.46518755124993,3009.199782453649,49.25,49.25,0.0,0.0,TRACKING,,49.35,451,451,,149.61319700230968,283.64618950808386,3562.199999999996,0.0
23.0,128.70302890471578,242.87399815037404,171.45613750011978,3011.58828626634,130.0,130.02048652636392,128.35805950128315,243.22577069703948,172.16685519356173,3012.641312877036,128.84089022447347,243.93239617981666,172.45214108804015,3007.627949221558,49.5,49.5,0.25,0.0,TRACKING,,49.400000000000006,451,451,,149.6345934709077,283.72107714817696,3561.899999999996,0.0
24.0,128.68653433982797,242.5861575552242,171.38242958333495,3011.163318142836,130.0,130.02483599176918,128.23884314127355,242.7347233100429,171.37495094289358,3010.653966336866,128.35805950128315,243.22577069703948,172.16685519356173,3012.641312877036,49.5,49.5,0.0,0.0,TRACKING,,49.5,451,451,,149.6527741920652,283.78470967222825,3561.599999999996,0.0
25.0,128.64885251826328,242.31038740583094,171.31881550473523,3010.7941277308128,130.0,130.01829274219784,128.20816985913484,242.50401728380243,171.45736133659983,3010.561667411872,128.23884314127355,242.7347233100429,171.37495094289358,3010.653966336866,49.5,49.5,0.0,0.0,TRACKING,,49.6,451,451,,149.66788898479234,283.83761144677317,3561.2999999999956,0.0
26.0,128.66357094469268,242.00631541023515,171.2300516667152,3010.338109188216,130.0,130.0192456414252,128.53055818087228,241.3638571249653,171.01127261650157,3013.354233366583,128.20816985913484,242.50401728380243,171.45736133659983,3010.561667411872,49.75,49.75,0.25,0.0,TRACKING,,49.7,451,451,,149.68652900477886,283.902851516726,3560.9999999999955,0.0
27.0,128.65214210899006,241.71595720357362,171.15344348112365,3009.940250428895,130.0,129.981163861284,128.53780715487045,240.99610854515456,171.75394274425173,3011.2659139501025,128.53055818087228,241.3638571249653,171.01127261650157,3013.354233366583,49.75,49.75,0.0,0.0,TRACKING,,49.75,451,451,,149.70207640857956,283.9572674300284,3560.6999999999953,0.0
28.0,128.61861294143225,241.43798003435393,171.08732630739001,3009.596478774194,130.0,130.03165844818466,129.88346515860744,241.46923611904978,170.87970324681675,3005.9773670272552,128.53780715487045,240.99610854515456,171.75394274425173,3011.2659139501025,49.75,49.75,0.0,0.0,TRACKING,,49.85,451,451,,149.71467493341854,284.00136226696486,3560.399999999995,0.0
29.0,128.56639828541196,241.17118016496718,171.0302634670582,3009.303012023108,130.0,130.0201074881557,129.36070130745028,242.45593592146244,170.66084274530746,3007.6852929225474,129.88346515860744,241.46923611904978,170.87970324681675,3005.9773670272552,49.75,49.75,0.0,0.0,TRACKING,,49.800000000000004,451,451,,149.7244612647146,284.03561442650107,3560.099999999995,0.0
30.0,128.49837959590923,240.91447038044083,170.98101502580067,3009.0563377597628,130.0,129.9938666359746,128.85609287511264,240.49929766273414,170.8592637606542,3008.1817435111575,129.36070130745028,242.45593592146244,170.66084274530746,3007.6852929225474,49.75,49.75,0.0,0.0,TRACKING,,49.800000000000004,451,451,,149.73156537964215,284.06047882874753,3559.7999999999947,0.0
31.0,128.416988226286,240.66686870658776,170.9385108505407,3008.8531941351575,130.0,129.9736769147727,128.53216355866124,241.2142779282881,170.94844126591195,3011.150469374608,128.85609287511264,240.49929766273414,170.8592637606542,3008.1817435111575,49.75,49.75,0.0,0.0,TRACKING,,49.85,451,451,,149.7361108739324,284.0763880587634,3559.4999999999945,0.0
32.0,128.39431922932908,240.38866698158586,170.8679148639087,3008.552384811292,130.0,130.00094589801293,128.1423858917288,240.55256624944755,169.90571334862778,3004.9275146443388,128.53216355866124,241.2142779282881,170.94844126591195,3011.150469374608,50.0,50.0,0.25,0.0,TRACKING,,49.95,451,451,,149.7446735552966,284.1063574435381,3559.1999999999944,0.0
33.0,128.35110909391284,240.1217257780586,170.80698655609146,3008.29913486869,130.0,129.97247367167202,128.82865714152192,239.8266510785381,171.06794827165416,3009.6549955057267,128.1423858917288,240.55256624944755,169.90571334862778,3004.9275146443388,50.0,50.0,0.0,0.0,TRACKING,,50.050000000000004,451,451,,149.750602001373,284.12710700480557,3558.899999999994,0.0
34.0,128.29052844626284,239.86494976929197,170.7544019989434,3008.09012865207,130.0,129.9731182343336,129.08389576120493,240.27087929913006,171.21204810651838,3007.810950325409,128.82865714152192,239.8266510785381,171.06794827165416,3009.6549955057267,50.0,50.0,0.0,0.0,TRACKING,,50.1,451,451,,149.75401738770393,284.13906085696374,3558.599999999994,0.0
35.0,128.28507077814263,239.57866077373563,170.67505489294862,3007.784564467017,130.0,130.01216400894606,127.8660996722049,239.21288138487282,170.4554351198187,3004.9599916819843,129.08389576120493,240.27087929913006,171.21204810651838,3007.810950325409,50.25,50.25,0.25,0.0,TRACKING,,50.150000000000006,451,451,,149.76147357479272,284.1651575117745,3558.299999999994,0.0
36.0,128.256260152964,239.3044815538186,170.60657387682997,3007.5271435898,130.0,130.02980727825604,127.92779400369177,239.25819702806436,170.7197992575276,3006.679916614625,127.8660996722049,239.21288138487282,170.4554351198187,3004.9599916819843,50.25,50.25,0.0,0.0,TRACKING,,50.300000000000004,451,451,,149.76633762838412,284.1821816993444,3557.9999999999936,0.0
37.0,128.27731371888666,239.00259707960814,170.51345604976873,3007.1772017247035,130.0,129.98653150057538,127.12310399907469,238.9664556023567,170.61486165393097,3009.888390711313,127.92779400369177,239.25819702806436,170.7197992575276,3006.679916614625,50.5,50.5,0.25,0.0,TRACKING,,50.400000000000006,451,451,,149.7751378897794,284.2129826142278,3557.6999999999935,0.0
38.0,128.27078715694702,238.71440343634018,170.43309012670238,3006.878737377079,130.0,130.00412528982977,128.61750549431653,238.39262309326742,170.10739067464627,3011.9052311830183,127.12310399907469,238.9664556023567,170.61486165393097,3009.888390711313,50.5,50.5,0.0,0.0,TRACKING,,50.6,451,451,,149.78127585313516,284.23446548597303,3557.3999999999933,0.0
39.0,128.3103485664795,238.39998474124752,170.32966377363897,3006.4912612094377,130.0,130.00914357184675,128.76433133888983,239.31570465261643,171.2879138126878,3004.4460520429243,128.61750549431653,238.39262309326742,170.10739067464627,3011.9052311830183,50.75,50.75,0.25,0.0,TRACKING,,50.650000000000006,451,451,,149.79125429358308,284.2693900275408,3557.099999999993,0.0
40.0,128.3193523636017,238.10054131273085,170.24040101273005,3006.158109284097,130.0,130.0181317321051,128.55051394496817,238.32962481514937,170.49222651355788,3007.5128648473024,128.76433133888983,239.31570465261643,171.2879138126878,3004.4460520429243,50.75,50.75,0.0,0.0,TRACKING,,50.7,451,451,,149.7985083136551,284.29477909779285,3556.799999999993,0.0
41.0,128.30253228829204,237.81461811580954,170.1633622286186,3005.875485856584,130.0,129.9820298632308,128.423765070439,237.9016827379344,169.4872372551261,3005.4619828986233,128.55051394496817,238.32962481514937,170.49222651355788,3007.5128648473024,50.75,50.75,0.0,0.0,TRACKING,,50.75,451,451,,149.8031633284345,284.3110716495207,3556.4999999999927,0.0
42.0,128.26388273561756,237.54090096748348,170.09687342413918,3005.639865956474,130.0,130.01311557148503,127.81531091500703,237.60394462028668,169.88647760711058,3007.186167834381,128.423765070439,237.9016827379344,169.4872372551261,3005.4619828986233,50.75,50.75,0.0,0.0,TRACKING,,50.85,451,451,,149.80533859144833,284.31868507006914,3556.1999999999925,0.0
43.0,128.27594232813243,237.23983260997505,170.0053726223441,3005.311535685453,130.0,129.95796783792946,128.7673877539404,237.39417879247932,170.14764828728627,3005.543902397828,127.81531091500703,237.60394462028668,169.88647760711058,3007.186167834381,51.0,51.0,0.25,0.0,TRACKING,,50.95,451,451,,149.81151982660327,284.3403193931115,3555.8999999999924,0.0
44.0,128.26157484480652,236.9525072788636,169.92640228304768,3005.0336390291423,130.0,129.96675217172753,127.99289610902919,236.8702566467472,169.70336155455945,3006.0036068645068,128.7673877539404,237.39417879247932,170.14764828728627,3005.543902397828,51.0,51.0,0.0,0.0,TRACKING,,51.0,451,451,,149.81514208585236,284.35299730048325,3555.599999999992,0.0
45.0,128.29383147781462,236.6392722164865,169.8240780318362,3004.6666227671003,130.0,130.02549834749155,128.30229952491982,236.9299178157909,169.22618629161704,3006.8860700881123,127.99289610902919,236.8702566467472,169.70336155455945,3006.0036068645068,51.25,51.25,0.25,0.0,TRACKING,,51.150000000000006,451,451,,149.82266679394206,284.3793337787972,3555.299999999992,0.0
46.0,128.29641917736384,236.3410285520291,169.73576644682385,3004.3529700929953,130.0,129.95674147631337,127.8388014352534,235.97388745889396,169.64691710363607,3002.944508623657,128.30229952491982,236.9299178157909,169.22618629161704,3006.8860700881123,51.25,51.25,0.0,0.0,TRACKING,,51.2,451,451,,149.82756216476656,284.396467576683,3554.999999999992,0.0
47.0,128.27393202816688,236.05631962384157,169.65954858101924,3004.088955457342,130.0,129.99293454010095,128.44860714546584,235.76923723560904,169.1782836832857,3001.974448436394,127.8388014352534,235.97388745889396,169.64691710363607,3002.944508623657,51.25,51.25,0.0,0.0,TRACKING,,51.35,451,451,,149.8299488054844,284.40482081919544,3554.6999999999916,0.0
48.0,128.2989953780921,235.74564742880256,169.55954868654584,3003.7355058264834,130.0,129.96015692136794,129.0861853732526,235.7677765931212,169.03416005832077,3003.756449334427,128.44860714546584,235.76923723560904,169.1782836832857,3001.974448436394,51.5,51.5,0.25,0.0,TRACKING,,51.400000000000006,451,451,,149.83626827183414,284.4269389514195,3554.3999999999915,0.0
49.0,128.2953859045624,235.4497834480861,169.47324315215434,3003.4347039780273,130.0,130.01307397915505,127.36181805573916,236.34456672707225,168.7872279800234,3004.631585739641,129.0861853732526,235.7677765931212,169.03416005832077,3003.756449334427,51.5,51.5,0.0,0.0,TRACKING,,51.45,451,451,,149.84000462377531,284.44001618321363,3554.0999999999913,0.0
50.0,128.26754169586988,235.1672887227811,169.39875662088525,3003.1828762570435,130.0,129.96408877393216,128.5937170944584,234.44228484586085,169.5338810541735,3005.675806357458,127.36181805573916,236.34456672707225,168.7872279800234,3004.631585739641,51.5,51.5,0.0,0.0,TRACKING,,51.6,451,451,,149.84127612644363,284.4444664425527,3553.799999999991,0.0
51.0,128.28774474390244,234.85881615240507,169.30019978278682,3002.841415460687,130.0,130.0404978541487,128.56828991535954,234.98932428944676,169.72729328944428,3003.243676832909,128.5937170944584,234.44228484586085,169.5338810541735,3005.675806357458,51.75,51.75,0.25,0.0,TRACKING,,51.7,451,451,,149.8465052687595,284.46276844065824,3553.499999999991,0.0
52.0,128.2799060088243,234.565003503685,169.21513968722562,3002.5520005835065,130.0,130.01338918828668,128.48176118167052,234.50164773044304,169.49945226393257,3000.1985402154132,128.56828991535954,234.98932428944676,169.72729328944428,3003.243676832909,51.75,51.75,0.0,0.0,TRACKING,,51.75,451,451,,149.84919173479398,284.4721710717789,3553.1999999999907,0.0
53.0,128.24836458061242,234.284426141902,169.1417280397288,3002.3110017614404,130.0,129.96820970133155,128.72342253593695,234.03177537500775,168.6509340218514,3003.2241241508705,128.48176118167052,234.50164773044304,169.49945226393257,3000.1985402154132,51.75,51.75,0.0,0.0,TRACKING,,51.800000000000004,451,451,,149.84945172815011,284.4730810485254,3552.8999999999905,0.0
54.0,128.19678181519208,234.01579733971133,169.07836965819115,3002.115048112683,130.0,129.9609948511789,129.21255514610627,234.49663644550668,168.84632723576996,3003.8601972926795,128.72342253593695,234.03177537500775,168.6509340218514,3003.2241241508705,51.75,51.75,0.0,0.0,TRACKING,,51.85,451,451,,149.84739573685556,284.46588507899446,3552.5999999999904,0.0
55.0,128.1965657955948,233.7201229368236,168.98936585659652,3001.826244573584,130.0,130.0265073860307,127.92404032376199,233.65811320875545,169.0296536785442,2996.0331990313325,129.21255514610627,234.49663644550668,168.84632723576996,3003.8601972926795,52.0,52.0,0.25,0.0,TRACKING,,51.900000000000006,451,451,,149.84943314322373,284.4730160012831,3552.29999999999,0.0
56.0,128.1713276517064,233.4379284353069,168.912550568941,3001.586068299339,130.0,129.96464576629037,128.2862965114039,232.9231238408979,168.59872119288613,2997.900092272537,127.92404032376199,233.65811320875545,169.0296536785442,2996.0331990313325,52.0,52.0,0.0,0.0,TRACKING,,52.0,451,451,,149.8490627200225,284.4717195200787,3551.99999999999,0.0
57.0,128.1249342943936,233.16790339012869,168.84625465447573,3001.3911342933457,130.0,129.97265886233876,127.21499936350588,232.69627118976797,169.21777343736008,3005.5562376620046,128.2862965114039,232.9231238408979,168.59872119288613,2997.900092272537,52.0,52.0,0.0,0.0,TRACKING,,52.1,451,451,,149.84639395416025,284.46237883956087,3551.69999999999,0.0
58.0,128.12876129025415,232.8711674539251,168.7546644139898,3001.103940685559,130.0,130.0017258024,128.11363822814243,233.41706292070674,168.63587312289437,2996.324008623577,127.21499936350588,232.69627118976797,169.21777343736008,3005.5562376620046,52.25,52.25,0.25,0.0,TRACKING,,52.300000000000004,451,451,,149.84781951389442,284.4673682986305,3551.3999999999896,0.0
59.0,128.17473043102783,232.55035718588542,168.64119256449928,3000.731526698055,130.0,130.01467139414353,128.26468040064069,232.7731813174567,168.44831511485836,3001.4870872835872,128.11363822814243,233.41706292070674,168.63587312289437,2996.324008623577,52.5,52.5,0.25,0.0,TRACKING,,52.400000000000006,451,451,,149.85310561308316,284.48586964579107,3551.0999999999894,0.0
60.0,128.18828679099806,232.24559904737,168.54325997506768,3000.414049646047,130.0,130.04166978154188,128.53182053956365,231.81389526355315,167.87868463116374,2999.860914232692,128.26468040064069,232.7731813174567,168.44831511485836,3001.4870872835872,52.5,52.5,0.0,0.0,TRACKING,,52.5,451,451,,149.85581496459054,284.4953523760669,3550.7999999999893,0.0
61.0,128.17445075519683,231.9553335336714,168.45873864122285,3000.147676125851,130.0,130.01775488114737,128.0478144310346,231.7790019267437,168.90299967998345,3004.4616480993745,128.53182053956365,231.81389526355315,167.87868463116374,2999.860914232692,52.5,52.5,0.0,0.0,TRACKING,,52.550000000000004,451,451,,149.85606520592225,284.49622822072786,3550.499999999989,0.0
62.0,128.2051821586499,231.64056700073954,168.3513164730978,2999.7952553261375,130.0,130.0023991867606,127.95519394785961,231.99001035232092,168.77473547391492,3001.578146377196,128.0478144310346,231.7790019267437,168.90299967998345,3004.4616480993745,52.75,52.75,0.25,0.0,TRACKING,,52.650000000000006,451,451,,149.86020496471687,284.51071737650904,3550.199999999989,0.0
63.0,128.20574947441133,231.34133102109365,168.2586050990074,2999.4966048018896,130.0,129.9716287556628,128.83424124668915,231.1467090360773,168.5915179607884,3004.5578096415384,127.95519394785961,231.99001035232092,168.77473547391492,3001.578146377196,52.75,52.75,0.0,0.0,TRACKING,,52.75,451,451,,149.86181048840086,284.51633670940305,3549.8999999999887,0.0
64.0,128.18082146791465,231.0561165539511,168.17858996771977,2999.2479752312565,130.0,129.99292665695913,128.66302080354268,230.74616971949263,168.4520605899903,3002.40392596052,128.83424124668915,231.1467090360773,168.5915179607884,3004.5578096415384,52.75,52.75,0.0,0.0,TRACKING,,52.800000000000004,451,451,,149.86099724574655,284.5134903601129,3549.5999999999885,0.0
65.0,128.13433767910743,230.7835606369173,168.10953240819384,2999.045884810919,130.0,129.97861601918356,128.3557294509412,230.50186028884585,168.80391867055354,2995.9214671945115,128.66302080354268,230.74616971949263,168.4520605899903,3002.40392596052,52.75,52.75,0.0,0.0,TRACKING,,52.85,451,451,,149.85787502266487,284.50256257932705,3549.2999999999884,0.0
66.0,128.13713961365934,230.4850627790301,168.0154051644907,2998.7539161411732,130.0,130.0031684604527,128.4391946416529,230.47697499179654,167.4782555881608,3001.8025403501306,128.3557294509412,230.50186028884585,168.80391867055354,2995.9214671945115,53.0,53.0,0.25,0.0,TRACKING,,52.95,451,451,,149.85878146690501,284.50573513416754,3548.999999999988,0.0
67.0,128.1139652850093,230.20057822165876,167.93416805807797,2998.5117527761286,130.0,130.03720974702793,128.3226978412301,229.61717913310923,168.2049458185308,2997.43275170385,128.4391946416529,230.47697499179654,167.4782555881608,3001.8025403501306,53.0,53.0,0.0,0.0,TRACKING,,53.050000000000004,451,451,,149.85728955211272,284.50051343239454,3548.699999999988,0.0
68.0,128.0688288312662,229.92874476177565,167.8640558652773,2998.3159292630953,130.0,129.96817658984494,126.92715572996592,229.58429219907566,167.98265401665302,2999.9051864787857,128.3226978412301,229.61717913310923,168.2049458185308,2997.43275170385,53.0,53.0,0.0,0.0,TRACKING,,53.1,451,451,,149.85350797078155,284.48727789773545,3548.399999999988,0.0
69.0,128.07243868503963,229.63109867632807,167.76896723100515,2998.0304300608855,130.0,130.0389026940431,128.1717776281166,229.65368118196207,167.98046273421963,2997.5029898059724,126.92715572996592,229.58429219907566,167.98265401665302,2999.9051864787857,53.25,53.25,0.25,0.0,TRACKING,,53.35,451,451,,149.85375946495782,284.48815812735234,3548.0999999999876,0.0
70.0,128.1169526411046,229.31019095926985,167.65227133997692,2997.662098797015,130.0,129.98183228191604,128.82312540347,229.38451178337655,167.7845360385901,2999.014096275879,128.1717776281166,229.65368118196207,167.98046273421963,2997.5029898059724,53.5,53.5,0.25,0.0,TRACKING,,53.400000000000006,451,451,,149.85781447104983,284.50235064867445,3547.7999999999874,0.0
71.0,128.12879586236286,229.0056028340398,167.55155622133086,2997.349370657574,130.0,130.01123333587924,127.49449455818018,228.6509893958649,168.23941682264876,2998.1876423834765,128.82312540347,229.38451178337655,167.7845360385901,2999.014096275879,53.5,53.5,0.0,0.0,TRACKING,,53.45,451,451,,149.8593063773669,284.5075723207841,3547.4999999999873,0.0
72.0,128.11302722343234,228.7157487851334,167.46463340824369,2997.0883683068105,130.0,129.99384491594395,127.94345757626323,228.88649054953916,167.247903402466,2997.784784028391,127.49449455818018,228.6509893958649,168.23941682264876,2998.1876423834765,53.5,53.5,0.0,0.0,TRACKING,,53.6,451,451,,149.85835181696473,284.50423135937655,3547.199999999987,0.0
73.0,128.1408629599248,228.40207797908403,167.3549338975388,2996.743431017381,130.0,129.97759856168517,127.74134032693075,228.5400873877536,166.64496774899527,3000.0707305015453,127.94345757626323,228.88649054953916,167.247903402466,2997.784784028391,53.75,53.75,0.25,0.0,TRACKING,,53.7,451,451,,149.8612324322421,284.51431351284737,3546.899999999987,0.0
74.0,128.20526627639646,228.06694911003444,167.22552563276946,2996.3209884832086,130.0,130.0144853580092,127.89749155277826,227.27632851153686,167.12479687020527,2995.393497996413,127.74134032693075,228.5400873877536,166.64496774899527,3000.0707305015453,54.0,54.0,0.25,0.0,TRACKING,,53.85,451,451,,149.86772893442958,284.5370512705035,3546.5999999999867,0.0
75.0,128.2337116571937,227.74965230403177,167.11383902045446,2995.958362228675,130.0,129.98639076515337,128.325150708354,227.1770269996077,167.29269854036008,3005.017281449595,127.89749155277826,227.27632851153686,167.12479687020527,2995.393497996413,54.0,54.0,0.0,0.0,TRACKING,,53.95,451,451,,149.87153185557358,284.5503614945075,3546.2999999999865,0.0
76.0,128.23177066309825,227.44845559048687,167.01744719113324,2995.6513759506233,130.0,130.02279345910145,127.46457003065227,227.61731337833652,166.87762370699056,2996.1328966876595,128.325150708354,227.1770269996077,167.29269854036008,3005.017281449595,54.0,54.0,0.0,0.0,TRACKING,,54.050000000000004,451,451,,149.87276409656207,284.55467433796724,3545.9999999999864,0.0
77.0,128.27072460163456,227.124792306374,166.8994730212924,2995.2648162973237,130.0,130.0109211506514,127.1836391789322,226.54928761238483,167.10631981213362,2995.1687712488356,127.46457003065227,227.61731337833652,166.87762370699056,2996.1328966876595,54.25,54.25,0.25,0.0,TRACKING,,54.2,451,451,,149.87766604263675,284.5718311492286,3545.699999999986,0.0
78.0,128.34396229164352,226.78089127154834,166.76282089475086,2994.8047972193194,130.0,129.96528249144393,129.32510519999812,226.42849257541266,166.84134568197123,3002.087600850664,127.1836391789322,226.54928761238483,167.10631981213362,2995.1687712488356,54.5,54.5,0.25,0.0,TRACKING,,54.35,451,451,,149.88602708694174,284.60109480429605,3545.399999999986,0.0
79.0,128.37968073458137,226.45580619977704,166.6448824222254,2994.4076302279504,130.0,129.99466874042648,127.92034387273061,226.00388945303908,166.62907388402263,2994.2962235308614,129.32510519999812,226.42849257541266,166.84134568197123,3002.087600850664,54.5,54.5,0.0,0.0,TRACKING,,54.35,451,451,,149.89159197984515,284.62057192945804,3545.099999999986,0.0
80.0,128.3836946727747,226.14770984147043,166.54309488584624,2994.068923949636,130.0,130.0322713791347,128.89019504084823,226.21249777786923,166.20256219533437,2994.597477829655,127.92034387273061,226.00388945303908,166.62907388402263,2994.2962235308614,54.5,54.5,0.0,0.0,TRACKING,,54.5,451,451,,149.89448852691348,284.63070984419716,3544.7999999999856,0.0
81.0,128.36091066072117,225.85495183285025,166.4552465159269,2993.784600309991,130.0,129.969498967184,129.9440687122684,226.49083866987075,165.20327041299643,2993.4295580260055,128.89019504084823,226.21249777786923,166.20256219533437,2994.597477829655,54.5,54.5,0.0,0.0,TRACKING,,54.5,451,451,,149.89483824477506,284.6319338567127,3544.4999999999854,0.0
82.0,128.31546887579185,225.57604156969663,166.37942843080555,2993.5508722166687,130.0,129.96964597267709,127.79041456262127,225.88717282689922,166.3014598645247,2998.382611586657,129.9440687122684,226.49083866987075,165.20327041299643,2993.4295580260055,54.5,54.5,0.0,0.0,TRACKING,,54.45,451,451,,149.8927566672997,284.62464833554895,3544.1999999999853,0.0
83.0,128.3170756590952,225.27290452275747,166.27910819412872,2993.2336119219804,130.0,130.03982727282045,128.87581699726653,225.71810596898712,166.36306517114068,2993.1328677887113,127.79041456262127,225.88717282689922,166.3014598645247,2998.382611586657,54.75,54.75,0.25,0.0,TRACKING,,54.650000000000006,451,451,,149.8944541153339,284.63058940366864,3543.899999999985,0.0
84.0,128.29212408300347,224.98468700046215,166.19252618639496,2992.969475188522,130.0,130.03452523996438,128.49623204032818,225.63232689617152,166.4330015828377,2992.091643773928,128.87581699726653,225.71810596898712,166.36306517114068,2993.1328677887113,54.75,54.75,0.0,0.0,TRACKING,,54.7,451,451,,149.89364848406947,284.62776969424317,3543.599999999985,0.0
85.0,128.24471636898167,224.70993891126383,166.11780104307857,2992.754765699549,130.0,129.96526487686964,129.00976716406302,224.8059940957922,166.08287426451633,2990.7763236028936,128.49623204032818,225.63232689617152,166.4330015828377,2992.091643773928,54.75,54.75,0.0,0.0,TRACKING,,54.75,451,451,,149.8904530656277,284.6165857296969,3543.2999999999847,0.0
86.0,128.17831395084573,224.44735053226015,166.05330904075834,2992.586050934591,130.0,129.97938000626732,127.83871858496605,224.12932714239668,164.79674831886908,2995.1281664355865,129.00976716406302,224.8059940957922,166.08287426451633,2990.7763236028936,54.75,54.75,0.0,0.0,TRACKING,,54.800000000000004,451,451,,149.8849755688559,284.5974144909957,3542.9999999999845,0.0
87.0,128.16186904057054,224.15922560125418,165.96271266795904,2992.3298902266597,130.0,129.98293324479,128.50175558222722,224.05209030546462,166.4334053502432,2993.4248596754933,127.83871858496605,224.12932714239668,164.79674831886908,2995.1281664355865,55.0,55.0,0.25,0.0,TRACKING,,54.95,451,451,,149.88341966851337,284.5919688397968,3542.6999999999844,0.0
88.0,128.1215018850252,223.88462213258546,165.8845229017643,2992.122860338487,130.0,130.01618938058067,128.34444237240695,222.64724035779614,165.77966573793952,2993.453333152905,128.50175558222722,224.05209030546462,166.4334053502432,2993.4248596754933,55.0,55.0,0.0,0.0,TRACKING,,55.050000000000004,451,451,,149.87949551176976,284.5782342911942,3542.399999999984,0.0
89.0,128.12675935891588,223.58577107290503,165.7820534054534,2991.831641918422,130.0,130.02735654301986,129.0925714579888,224.5059185137138,166.42368061602753,2988.9276181220484,128.34444237240695,222.64724035779614,165.77966573793952,2993.453333152905,55.25,55.25,0.25,0.0,TRACKING,,55.150000000000006,451,451,,149.87938906834523,284.5778617392083,3542.099999999984,0.0
90.0,128.10461294526593,223.30154633156437,165.69361646574953,2991.592235120259,130.0,129.97969030350941,126.7860101250136,223.58678111891783,165.7060435916573,2993.99861825614,129.0925714579888,224.5059185137138,166.42368061602753,2988.9276181220484,55.25,55.25,0.0,0.0,TRACKING,,55.150000000000006,450,451,,149.87683739886828,284.568930896039,3541.799999999984,0.0
91.0,128.12498003148562,222.99413127103873,165.582251899524,2991.271471138287,130.0,129.99012644428555,128.0494494133232,223.10400875280047,164.90725684364853,2992.3914952761843,126.7860101250136,223.58678111891783,165.7060435916573,2993.99861825614,55.5,55.5,0.25,0.0,TRACKING,,55.400000000000006,450,451,,149.87800866559985,284.5730303295995,3541.4999999999836,0.0
92.0,128.11549093356797,222.70223779234112,165.48613801409465,2991.0048070841567,130.0,129.9703956002428,127.84855186184346,222.87723047119326,165.69287071118862,2990.7117517219544,128.0494494133232,223.10400875280047,164.90725684364853,2992.3914952761843,55.5,55.5,0.0,0.0,TRACKING,,55.5,449,451,,149.87666605142002,284.5683311799701,3541.1999999999834,0.0
93.0,128.14627445508796,222.38802228078117,165.36809662911918,2990.6592494367023,130.0,130.00786856325632,128.33635512835633,222.38121876551452,165.709736404627,2991.9136068078174,127.84855186184346,222.87723047119326,165.69287071118862,2990.7117517219544,55.75,55.75,0.25,0.0,TRACKING,,55.650000000000006,449,451,,149.87895985014444,284.57635947550557,3540.8999999999833,0.0
94.0,128.14548221897024,222.09005261121632,165.26622027350635,2990.369741696366,130.0,130.03566972530265,127.81715239754791,221.79610167066502,166.05090272360212,2990.1157529580755,128.33635512835633,222.38121876551452,165.709736404627,2991.9136068078174,55.75,55.75,0.0,0.0,TRACKING,,55.75,447,451,,149.8786786194034,284.57537516791183,3540.599999999983,0.0
95.0,128.1179981283156,221.8067501815315,165.17829524759185,2990.1323825710924,130.0,129.98091126516903,128.7130827858549,222.00344304667337,164.9244446268686,2988.2599480787067,127.81715239754791,221.79610167066502,166.05090272360212,2990.1157529580755,55.75,55.75,0.0,0.0,TRACKING,,55.85,447,451,,149.87593882947553,284.56578590316434,3540.299999999983,0.0
96.0,128.1332870806054,221.50049104722387,165.06727012631444,2989.8146525047596,130.0,129.98976526728492,128.20536249430202,221.62881825758058,165.34373380007148,2986.6473189359913,128.7130827858549,222.00344304667337,164.9244446268686,2988.2599480787067,56.0,56.0,0.25,0.0,TRACKING,,55.900000000000006,447,451,,149.87687896823985,284.56907638883945,3539.9999999999827,0.0
97.0,128.11927960942086,221.20976731079344,164.97144920097065,2989.5512661941693,130.0,129.9882925447015,127.76246963996519,221.1623342090863,165.69178645803706,2983.650819767604,128.20536249430202,221.62881825758058,165.34373380007148,2986.6473189359913,56.0,56.0,0.0,0.0,TRACKING,,56.0,445,451,,149.87529446165567,284.56353061579483,3539.6999999999825,0.0
98.0,128.14567965550222,220.89693100550488,164.8535582915798,2989.209878410931,130.0,130.00519742004562,128.40914664436698,220.62690807619816,165.04767809585923,2987.9799311452307,127.76246963996519,221.1623342090863,165.69178645803706,2983.650819767604,56.25,56.25,0.25,0.0,TRACKING,,56.150000000000006,443,451,,149.87730653391534,284.5705728687037,3539.3999999999824,0.0
99.0,128.14095466434134,220.6003322135004,164.75181180486143,2988.9247045570664,130.0,130.0403288140178,128.35968530248297,221.3826512338437,164.91120023141713,2990.008204413261,128.40914664436698,220.62690807619816,165.04767809585923,2987.9799311452307,56.25,56.25,0.0,0.0,TRACKING,,56.25,441,451,,149.87673509948428,284.568572848195,3539.099999999982,0.0
100.0,128.10991723575071,220.31839308912743,164.6639988631086,2988.691833477045,130.0,129.979943712337,128.33363196881166,219.94323632887586,164.908356896446,2988.1709670702176,128.35968530248297,221.3826512338437,164.91120023141713,2990.008204413261,56.25,56.25,0.0,0.0,TRACKING,,56.300000000000004,441,451,,149.87369686897924,284.55793904142735,3538.799999999982,0.0
101.0,128.1216407031005,220.01368726900637,164.55296811131836,2988.3793901602603,130.0,129.99965353563664,127.63461251660534,219.99441330590057,164.45068829826678,2990.2630896485707,128.33363196881166,219.94323632887586,164.908356896446,2988.1709670702176,56.5,56.5,0.25,0.0,TRACKING,,56.400000000000006,439,451,,149.87430202822395,284.56005709878383,3538.499999999982,0.0
102.0,128.10438922886019,219.72449108221625,164.45714232652526,2988.1213780283724,130.0,129.99086944455362,128.07868569386167,219.45977005346916,165.1123295356,2990.592347435072,127.63461251660534,219.99441330590057,164.45068829826678,2990.2630896485707,56.5,56.5,0.0,0.0,TRACKING,,56.550000000000004,436,451,,149.87237630526818,284.5533170684386,3538.1999999999816,0.0
103.0,128.12748813153397,219.41335615560524,164.3391448577066,2987.786093468697,130.0,129.98158949721272,128.88932579429456,219.71718983661253,164.289780310211,2986.738359958951,128.07868569386167,219.45977005346916,165.1123295356,2990.592347435072,56.75,56.75,0.25,0.0,TRACKING,,56.650000000000006,436,451,,149.87401324996125,284.55904637486435,3537.8999999999814,0.0
104.0,128.1197416072208,219.11841811161366,164.2373064042076,2987.507053271855,130.0,130.0074783894629,127.9521376101895,219.5922634165198,164.28766288031773,2983.7999454109354,128.88932579429456,219.71718983661253,164.289780310211,2986.738359958951,56.75,56.75,0.0,0.0,TRACKING,,56.7,433,451,,149.8730622239514,284.5557177838299,3537.5999999999813,0.0
105.0,128.08591764742482,218.83810298751314,164.14941408994952,2987.2803459830484,130.0,129.95914602847768,128.0624679687946,218.13005088441253,164.22405371527756,2984.2707968975196,127.9521376101895,219.5922634165198,164.28766288031773,2983.7999454109354,56.75,56.75,0.0,0.0,TRACKING,,56.800000000000004,430,451,,149.86963997709043,284.5437399198165,3537.299999999981,0.0
106.0,128.09472967215282,218.53518485957045,164.03821246977253,2986.974732021757,130.0,130.02144543713771,127.33636799522426,218.5944745865313,164.0030160231586,2982.8203277722832,128.0624679687946,218.13005088441253,164.22405371527756,2984.2707968975196,57.0,57.0,0.25,0.0,TRACKING,,56.95,430,451,,149.8698298247154,284.54440438650386,3536.999999999981,0.0
107.0,128.07478395485694,218.24772679410486,163.9422392159495,2986.723531021769,130.0,129.97443894077702,128.52371818569975,219.329275138347,163.27562013101854,2991.2731553187136,127.33636799522426,218.5944745865313,164.0030160231586,2982.8203277722832,57.0,57.0,0.0,0.0,TRACKING,,57.1,427,451,,149.86748591891475,284.5362007162016,3536.6999999999807,0.0
108.0,128.0950526200771,217.93848227363424,163.8240121076126,2986.395670474543,130.0,129.96267119196654,127.68237896554017,217.69143696405186,163.7435128581906,2982.7824774228793,128.52371818569975,219.329275138347,163.27562013101854,2991.2731553187136,57.25,57.25,0.25,0.0,TRACKING,,57.150000000000006,427,451,,149.8686755841958,284.54036454468536,3536.3999999999805,0.0
109.0,128.08467975703323,217.6453745861955,163.72197546229103,2986.123994924949,130.0,129.9728097337526,128.86415608569618,217.89172140041416,163.3838210714751,2985.4313020383947,127.68237896554017,217.69143696405186,163.7435128581906,2982.7824774228793,57.25,57.25,0.0,0.0,TRACKING,,57.300000000000004,419,451,,149.86727577654437,284.5354652179053,3536.0999999999804,0.0
110.0,128.04840054661054,217.36683553106764,163.63391209734084,2985.904599065086,130.0,130.00735484047544,127.13858488383087,217.19295666097284,164.05520801548883,2981.6163746347283,128.86415608569618,217.89172140041416,163.3838210714751,2985.4313020383947,57.25,57.25,0.0,0.0,TRACKING,,57.35,419,451,,149.86340313500503,284.5219109725176,3535.79999999998,0.0
111.0,128.0545876868562,217.06584120309776,163.52246048534457,2985.6068665127605,130.0,130.0154815269694,127.79284348948546,217.13923707092167,163.99416819097613,2988.9801928946117,127.13858488383087,217.19295666097284,164.05520801548883,2981.6163746347283,57.5,57.5,0.25,0.0,TRACKING,,57.550000000000004,419,451,,149.86311558251757,284.52090453881146,3535.49999999998,0.0
112.0,128.09640422302454,216.74462067624316,163.39077231772458,2985.236784445459,130.0,129.97837351324762,127.82205244952253,216.37446723795523,163.59345216522524,2984.3286474656547,127.79284348948546,217.13923707092167,163.99416819097613,2988.9801928946117,57.75,57.75,0.25,0.0,TRACKING,,57.650000000000006,415,451,,149.86621024402805,284.5317358540982,3535.19999999998,0.0
113.0,128.10402444103963,216.44082420846004,163.27711802099432,2984.926270443483,130.0,130.02323862343894,127.91801281700354,216.98091604793154,164.0375000626452,2985.590939371319,127.82205244952253,216.37446723795523,163.59345216522524,2984.3286474656547,57.75,57.75,0.0,0.0,TRACKING,,57.800000000000004,406,451,,149.86660840829387,284.5331294290286,3534.8999999999796,0.0
114.0,128.14680045041825,216.11719751609422,163.1434776298128,2984.5448103496165,130.0,130.00326604239754,128.03147158557962,216.40282849858238,162.2940955065696,2984.499187691239,127.91801281700354,216.98091604793154,164.0375000626452,2985.590939371319,58.0,58.0,0.25,0.0,TRACKING,,57.900000000000006,406,451,,149.87033020364052,284.54615571274184,3534.5999999999794,0.0
115.0,128.15513504596734,215.8112913074888,163.02813845432723,2984.2239168820897,130.0,129.99386286485094,127.5187889386946,217.0060052268089,163.35222842169222,2984.577341501461,128.03147158557962,216.40282849858238,162.2940955065696,2984.499187691239,58.0,58.0,0.0,0.0,TRACKING,,58.0,401,451,,149.87131775634327,284.54961214720146,3534.2999999999793,0.0
116.0,128.19826562649865,215.4858836752689,162.89299273527277,2983.8333065128113,130.0,129.9868325803017,128.08164684894498,214.22840565498998,163.21375477120102,2987.906728883171,127.5187889386946,217.0060052268089,163.35222842169222,2984.577341501461,58.25,58.25,0.25,0.0,TRACKING,WHP_min,58.150000000000006,401,451,,149.87557531457577,284.56451360101516,3533.999999999979,0.0
117.0,128.20680400220323,215.17843215244366,162.7763543771511,2983.5041029119016,130.0,129.98680324641927,127.76951206395424,215.52013440788733,163.101498797603,2979.633783746557,128.08164684894498,214.22840565498998,163.21375477120102,2987.906728883171,58.25,58.25,0.0,0.0,TRACKING,WHP_min,58.25,391,451,,149.87706527267363,284.5697284543577,3533.699999999979,0.0
118.0,128.24985986319953,214.85175320662327,162.6400362076718,2983.1062610590607,130.0,130.01756339030425,128.8113040715089,215.529143744477,162.74285226091203,2982.9483060722973,127.76951206395424,215.52013440788733,163.101498797603,2979.633783746557,58.5,58.5,0.25,0.0,TRACKING,WHP_min,58.400000000000006,391,451,,149.88177611008,284.58621638528007,3533.3999999999787,0.0
119.0,128.25823960824837,214.54321638848046,162.52238595887772,2982.7705297157545,130.0,129.96008021262975,128.73101770248476,213.77283940079315,162.56436227516443,2985.406384608792,128.8113040715089,215.529143744477,162.74285226091203,2982.9483060722973,58.5,58.5,0.0,0.0,TRACKING,WHP_min,58.400000000000006,385,451,,149.8836899438199,284.5929148033696,3533.0999999999785,0.0
120.0,128.23730658432274,214.25105929250864,162.42084717579266,2982.4925850245218,130.0,130.0334450418056,127.49184538542065,214.74734489708527,162.23264382927113,2977.2905176404906,128.73101770248476,213.77283940079315,162.56436227516443,2985.406384608792,58.5,58.5,0.0,0.0,TRACKING,WHP_min,58.5,379,451,,149.8829332256424,284.5902662897484,3532.7999999999784,0.0
121.0,128.25520343216175,213.93838674266814,162.2975096062667,2982.1429213101583,130.0,129.99234842938685,128.19175465962388,213.4524384378695,162.44117644450645,2979.2125684330713,127.49184538542065,214.74734489708527,162.23264382927113,2977.2905176404906,58.75,58.75,0.25,0.0,TRACKING,WHP_min,58.650000000000006,379,451,,149.8854851832725,284.5991981414537,3532.499999999978,0.0
122.0,128.2422053151544,213.6425569883955,162.19106234545168,2981.852226439706,130.0,129.98844112603626,128.87237086035793,213.2731418274612,162.3514232182734,2980.367276581125,128.19175465962388,213.4524384378695,162.44117644450645,2979.2125684330713,58.75,58.75,0.0,0.0,TRACKING,WHP_min,58.75,373,451,,149.88532803740932,284.59864813093265,3532.199999999978,0.0
123.0,128.2030844959031,213.3619333816066,162.09919237121295,2981.616401687323,130.0,130.00682382580905,128.00934130860824,213.95781340393125,162.1960676720164,2980.6288214593337,128.87237086035793,213.2731418274612,162.3514232182734,2980.367276581125,58.75,58.75,0.0,0.0,TRACKING,WHP_min,58.800000000000004,373,451,,149.8825838179805,284.58904336293176,3531.899999999978,0.0
124.0,128.2053459341612,213.05986974651458,161.9841483449122,2981.306424450706,130.0,129.96594444802926,127.45444112542675,213.63984538346511,162.3139133710913,2980.490085515832,128.00934130860824,213.95781340393125,162.1960676720164,2980.6288214593337,59.0,59.0,0.25,0.0,TRACKING,WHP_min,58.900000000000006,373,451,,149.88322367787885,284.59128287257596,3531.5999999999776,0.0
125.0,128.17900525197462,212.77367819675518,161.88485887845107,2981.052881755895,130.0,130.00535846932146,128.3249918652793,212.25888942077268,161.42817868010985,2978.9874124847006,127.45444112542675,213.63984538346511,162.3139133710913,2980.490085515832,59.0,59.0,0.0,0.0,TRACKING,WHP_min,59.1,360,451,,149.88123002820276,284.5843050987097,3531.2999999999774,0.0
126.0,128.1918097234058,212.46670901752356,161.7633602302565,2980.7269252623496,130.0,130.034712180622,128.4038660541908,212.6146319645728,161.42797391136378,2982.5713617530882,128.3249918652793,212.25888942077268,161.42817868010985,2978.9874124847006,59.25,59.25,0.25,0.0,TRACKING,WHP_min,59.2,360,451,,149.882559974589,284.58895991106147,3530.9999999999773,0.0
127.0,128.17426896654493,212.1761489852369,161.65850006199838,2980.4587327404065,130.0,129.98622354680163,128.645085091086,212.26260306738433,162.1257749174883,2979.740326613887,128.4038660541908,212.6146319645728,161.42797391136378,2982.5713617530882,59.25,59.25,0.0,0.0,TRACKING,WHP_min,59.25,353,451,,149.88121511811414,284.5842529133995,3530.699999999977,0.0
128.0,128.13106834173072,211.90040338221507,161.5679998379176,2980.244293398682,130.0,129.96945144970104,128.06325566056157,212.13683271967838,161.55268003374272,2982.22904139481,128.645085091086,212.26260306738433,162.1257749174883,2979.740326613887,59.25,59.25,0.0,0.0,TRACKING,WHP_min,59.300000000000004,353,451,,149.87731561151745,284.57060464031105,3530.399999999977,0.0
129.0,128.12936164089854,211.60305970165328,161.45403561760838,2979.955214359761,130.0,130.02041212121577,127.3777607609822,212.31594223149202,161.10246344879425,2979.5434697348187,128.06325566056157,212.13683271967838,161.55268003374272,2982.22904139481,59.5,59.5,0.25,0.0,TRACKING,WHP_min,59.45,346,451,,149.87681161101813,284.5688406385634,3530.0999999999767,0.0
130.0,128.09942521253487,211.32124907047066,161.35567808446208,2979.7215686590803,130.0,129.96962279217726,127.27289959308288,211.6213602303901,161.9289112024005,2982.3991859806274,127.3777607609822,212.31594223149202,161.10246344879425,2979.5434697348187,59.5,59.5,0.0,0.0,TRACKING,WHP_min,59.6,339,451,,149.87370417435696,284.55796461024937,3529.7999999999765,0.0
131.0,128.1086734132282,211.0185501769611,161.23488138169415,2979.4151212926563,130.0,130.00392474405285,128.6086983965855,210.23997854198245,160.88290575726893,2978.258713814556,127.27289959308288,211.6213602303901,161.9289112024005,2982.3991859806274,59.75,59.75,0.25,0.0,TRACKING,WHP_min,59.800000000000004,339,451,,149.8739302260404,284.5587557911414,3529.4999999999764,0.0
132.0,128.08788372179302,210.73196438425413,161.13062703182695,2979.1655371254783,130.0,130.01329144591773,127.52704316147359,211.29331199973348,161.21364497264602,2979.1043426149154,128.6086983965855,210.23997854198245,160.88290575726893,2978.258713814556,59.75,59.75,0.0,0.0,TRACKING,WHP_min,59.85,331,451,,149.87150938583756,284.5502828504315,3529.199999999976,0.0
133.0,128.10461389471266,210.42507500945746,161.0046898617806,2978.8447533616645,130.0,130.00617604539136,128.39713533397477,209.94926549054333,160.59593203406038,2976.6410983865826,127.52704316147359,211.29331199973348,161.21364497264602,2979.1043426149154,60.0,60.0,0.25,0.0,TRACKING,WHP_min,60.0,330,451,,149.87236540478358,284.55327891674256,3528.899999999976,0.0
134.0,128.09004012169615,210.134765749484,160.89599899947683,2978.582047011517,130.0,129.97719906838705,128.38861269107596,210.30556393903476,161.1561406099743,2981.278004805341,128.39713533397477,209.94926549054333,160.59593203406038,2976.6410983865826,60.0,60.0,0.0,0.0,TRACKING,WHP_min,60.050000000000004,315,451,,149.8705358830844,284.54687559079537,3528.599999999976,0.0
135.0,128.11178068786185,209.82463549752538,160.76618168689836,2978.2495393421095,130.0,130.01777315470142,127.29740017243851,209.5443883044051,160.83257382914107,2974.8776815741644,128.38861269107596,210.30556393903476,161.1561406099743,2981.278004805341,60.25,60.25,0.25,0.0,TRACKING,WHP_min,60.150000000000006,315,451,,149.87193148057872,284.55176018202553,3528.2999999999756,0.0
136.0,128.16397495494948,209.49665831809776,160.61807987654657,2977.8525784892936,130.0,130.03928911940048,127.8446698179497,210.00367276954964,161.11426973483847,2980.544345720328,127.29740017243851,209.5443883044051,160.83257382914107,2974.8776815741644,60.5,60.5,0.25,0.0,TRACKING,WHP_min,60.35,307,451,,149.876369678148,284.567293873518,3527.9999999999754,0.0
137.0,128.17918652935197,209.18743079290573,160.49025968279471,2977.519400518168,130.0,129.99230760255048,128.2049971410175,209.08144702438418,160.97604579337374,2976.58778552706,127.8446698179497,210.00367276954964,161.11426973483847,2980.544345720328,60.5,60.5,0.0,0.0,TRACKING,WHP_min,60.45,293,451,,149.87794219805733,284.57279769320064,3527.6999999999753,0.0
138.0,128.1631352170222,208.89513154075385,160.37994366510424,2977.2455697432774,130.0,130.00036456146563,128.36607861112736,209.55777100281213,160.21453680493914,2975.719188990947,128.2049971410175,209.08144702438418,160.97604579337374,2976.58778552706,60.5,60.5,0.0,0.0,TRACKING,WHP_min,60.550000000000004,289,451,,149.87677815829176,284.5687235540212,3527.399999999975,0.0
139.0,128.18316392117896,208.58344728312682,160.24862138655482,2976.9036475354364,130.0,130.03076376328713,128.17754115718375,208.88263687252797,160.46570544368043,2977.293291968463,128.36607861112736,209.55777100281213,160.21453680493914,2975.719188990947,60.75,60.75,0.25,0.0,TRACKING,WHP_min,60.650000000000006,289,451,,149.8787616990236,284.57566594658266,3527.099999999975,0.0
140.0,128.17107922474472,208.28898964397396,160.13528287267542,2976.621889456349,130.0,130.02120528900815,128.50493130594893,207.48919027201262,159.74861317613272,2977.029954742406,128.17754115718375,208.88263687252797,160.46570544368043,2977.293291968463,60.75,60.75,0.0,0.0,TRACKING,WHP_min,60.75,280,451,,149.877980483177,284.5729316911195,3526.7999999999747,0.0
141.0,128.13183987159684,208.01008465544882,160.03746535937694,2976.396119071509,130.0,129.98209897462925,127.57464295785002,207.33924743427733,159.4939464248995,2974.100709263446,128.50493130594893,207.48919027201262,159.74861317613272,2977.029954742406,60.75,60.75,0.0,0.0,TRACKING,WHP_min,60.800000000000004,275,451,,149.87455855682185,284.5609549488765,3526.4999999999745,0.0
142.0,128.13202841125067,207.7106853452032,159.91687881049225,2976.099371555954,130.0,130.03630075245562,128.02494347675605,207.19937243720736,160.0225832878177,2980.339931912619,127.57464295785002,207.33924743427733,159.4939464248995,2974.100709263446,61.0,61.0,0.25,0.0,TRACKING,WHP_min,61.0,271,451,,149.8743747084848,284.5603114796968,3526.1999999999744,0.0
143.0,128.10304690414253,207.42737734029126,159.8128058352484,2975.859874812852,130.0,130.01223755706414,128.01447111865724,208.0647267956668,159.94260011909842,2973.06031606446,128.02494347675605,207.19937243720736,160.0225832878177,2980.339931912619,61.0,61.0,0.0,0.0,TRACKING,WHP_min,61.1,261,451,,149.87151271520275,284.55029450320967,3525.899999999974,0.0
144.0,128.1116632324067,207.12412193412047,159.6867692880811,2975.5508292207696,130.0,129.9911765745373,127.95781748741352,206.63320456335765,160.03234021099684,2972.668090685719,128.01447111865724,208.0647267956668,159.94260011909842,2973.06031606446,61.25,61.25,0.25,0.0,TRACKING,WHP_min,61.2,261,451,,149.87183953570286,284.55143837496,3525.599999999974,0.0
145.0,128.08969438087593,206.83739111285976,159.57799265773153,2975.3001061401246,130.0,130.037121140632,128.8832380014277,207.1264850841451,158.6679531125599,2977.2609596766324,127.95781748741352,206.63320456335765,160.03234021099684,2972.668090685719,61.25,61.25,0.0,0.0,TRACKING,WHP_min,61.35,241,451,,149.86945492708494,284.5430922447973,3525.299999999974,0.0
146.0,128.0418593001516,206.5655788200732,159.48411230654656,2975.1036626361442,130.0,129.99189022255877,128.9736691174355,206.17031696426588,159.9274758023469,2970.6077083068913,128.8832380014277,207.1264850841451,158.6679531125599,2977.2609596766324,61.25,61.25,0.0,0.0,TRACKING,WHP_min,61.35,241,451,,149.86448010705638,284.52568037469734,3524.9999999999736,0.0
147.0,128.03429685869958,206.27289221769672,159.36682138459994,2974.835133920273,130.0,130.02577835437842,128.18559082568717,205.4421975368533,159.5838973299417,2970.3652270450666,128.9736691174355,206.17031696426588,159.9274758023469,2970.6077083068913,61.5,61.5,0.25,0.0,TRACKING,WHP_min,61.400000000000006,241,451,,149.86277798421935,284.51972294476775,3524.6999999999734,0.0
148.0,127.93634674171922,206.0300306104597,159.301859618464,2974.7449903180336,130.0,129.92144859946498,126.35662461727402,206.2280771947522,160.33141001423255,2973.2558163789295,128.18559082568717,205.4421975368533,159.5838973299417,2970.3652270450666,61.25,61.25,-0.25,0.0,TRACKING,WHP_min,61.45,224,451,,149.8526823911611,284.4843883690638,3524.3999999999733,0.0
149.0,127.8242220974477,205.79782145613916,159.24579395988604,2974.6980265307425,130.0,129.48125497489383,128.32232142542907,205.8531770043365,159.10021682705494,2976.2364872435023,126.35662461727402,206.2280771947522,160.33141001423255,2973.2558163789295,61.25,61.25,0.0,0.0,CONSTRAINED,WHP_min,61.45,231,451,,149.84033909730059,284.44118684055206,3524.099999999973,0.0
150.0,127.70007801685868,205.57522708955935,159.19740614257825,2974.6912811281186,130.0,129.3150731604067,128.68552124441274,204.95766309596488,159.45115976738592,2975.5541197029524,128.32232142542907,205.8531770043365,159.10021682705494,2976.2364872435023,61.25,61.25,0.0,0.0,CONSTRAINED,WHP_min,61.400000000000006,231,451,,149.82584636911082,284.39046229188784,3523.799999999973,0.0
151.0,127.56573272897447,205.36131027440047,159.155644734201,2974.7220043496814,130.0,129.13121359603502,126.71112532657838,206.16866570801668,160.0328561540897,2972.3400743779716,128.68552124441274,204.95766309596488,159.45115976738592,2975.5541197029524,61.25,61.25,0.0,0.0,CONSTRAINED,WHP_min,61.300000000000004,228,451,,149.80929759447415,284.3325415806595,3523.4999999999727,0.0
152.0,127.4227201980535,205.1552244793408,159.1196022894972,2974.787643031243,130.0,128.88385974737608,128.46546049525253,205.1832975384103,159.0461405370172,2978.546265394405,126.71112532657838,206.16866570801668,160.0328561540897,2972.3400743779716,61.25,61.25,0.0,0.0,CONSTRAINED,WHP_min,61.35,227,451,,149.79078151964825,284.26773531876887,3523.1999999999725,0.0
153.0,127.27233450773389,204.95620509565416,159.08849563216208,2974.885826605399,130.0,128.78742239446964,127.40879422086076,205.11779304883848,159.7714493707484,2978.1063764041437,128.46546049525253,205.1832975384103,159.0461405370172,2978.546265394405,61.25,61.25,0.0,0.0,CONSTRAINED,WHP_min,61.300000000000004,221,451,,149.7703824746609,284.1963386613131,3522.8999999999724,0.0
154.0,127.11566731458979,204.7635615051109,159.06164883698716,2975.014354099505,130.0,128.53129291805334,127.65155696533954,204.06328656314062,158.35407318342703,2977.8297071912316,127.40879422086076,205.11779304883848,159.7714493707484,2978.1063764041437,61.25,61.25,0.0,0.0,CONSTRAINED,WHP_min,61.25,213,451,,149.7481805876971,284.1186320569399,3522.599999999972,0.0
155.0,126.89120087876759,204.61034639046906,159.07469425743477,2975.2943478220986,130.0,128.17844422605896,126.33516916338179,204.68458816325997,158.5913618596604,2974.8351315002783,127.65155696533954,204.06328656314062,158.35407318342703,2977.8297071912316,61.0,61.0,-0.25,0.0,CONSTRAINED,WHP_min,61.1,184,451,,149.7183500700307,284.01422524510747,3522.299999999972,0.0
156.0,126.67188324965434,204.4589863590244,159.08595318914686,2975.592003358938,130.0,127.81059902355153,125.90466617390507,205.27407338497895,158.62744259569783,2975.287017689843,126.33516916338179,204.68458816325997,158.5913618596604,2974.8351315002783,61.0,61.0,0.0,0.0,CONSTRAINED,WHP_min,61.050000000000004,191,451,,149.68713837284392,283.9049843049537,3521.999999999972,0.0
157.0,126.45684942643331,204.30929516737353,159.09567028058186,2975.90618276932,130.0,127.50672925534826,126.34392973746544,204.91234406400858,158.45671638033755,2975.822827688267,125.90466617390507,205.27407338497895,158.62744259569783,2975.287017689843,61.0,61.0,0.0,0.0,CONSTRAINED,WHP_min,61.050000000000004,191,451,,149.65460077783683,283.79110272242895,3521.6999999999716,0.0
158.0,126.24536910215716,204.16110456334283,159.10405667712203,2976.2358299245575,130.0,127.3198352593259,126.11982854160989,204.42606733395056,159.31646422775347,2975.076463589704,126.34392973746544,204.91234406400858,158.45671638033755,2975.822827688267,61.0,61.0,0.0,0.0,CONSTRAINED,WHP_min,61.050000000000004,186,451,,149.6207897763357,283.672764217175,3521.3999999999714,0.0
159.0,126.03682562758242,204.01426254366493,159.11129460911016,2976.579964686931,130.0,127.05342679506047,126.1805772222576,203.8269469525439,159.32194646593652,2976.3235142723693,126.11982854160989,204.42606733395056,159.31646422775347,2975.076463589704,61.0,61.0,0.0,0.0,CONSTRAINED,WHP_min,61.0,171,451,,149.5857552042917,283.55014321502097,3521.0999999999713,0.0
160.0,125.51575817370785,204.03380539234058,159.29785218541676,2977.55892544149,130.0,126.74942608863789,125.1224167174712,204.02002688103278,159.46155496800606,2983.223631944778,126.1805772222576,203.8269469525439,159.32194646593652,2976.3235142723693,59.75,59.75,-1.25,0.0,CONSTRAINED,WHP_min,60.900000000000006,148,451,,149.5190168964108,283.31655913743776,3520.799999999971,0.0
